file_name	url	most_common_town	most_mentioned_year	most_common_state	has_climate	has_community	total_words	total_pages	first100words	flood_count	storm_count	heat_count	air_pollution_count	indoor_air_quality_count	chemical_hazards_count	extreme_precipitation_count	fire_count	flood_percent	storm_percent	heat_percent	air_pollution_percent	indoor_air_quality_percent	chemical_hazards_percent	extreme_precipitation_percent	fire_percent	workshop_count	mapping_count	survey_count	conversation_count	community_meeting_count	small_group_discussion_count	inform_count	workshop_percent	mapping_percent	survey_percent	conversation_percent	community_meeting_percent	small_group_discussion_percent	inform_percent	town_name	towns_to_scrub	is_ACRES_town	is_INNER_CORE	is_MASS	duplicated	pass_checks2	Manual.Check	Checked.by	Manual.Check.11.19	REASON	Manual.Check_9.10	pass_checks3	pass_checks4
arlingtonurl12.json	https://cms5.revize.com/revize/chelseama/Document_Center/Archive/Planning%20Studies%20and%20Reports/20170215_chelsea_va.pdf	chelsea	2016	massachusetts	1	1	27495	146	January 2017 Designing Coastal Community Infrastructure for Climate Change City of Chelsea, Massach	453	108	0	0	1	3	21	0	77.304	18.43	0	0	0.171	0.512	3.584	0	2	0	4	0	6	0	0	16.667	0	33.333	0	50	0	0	ARLINGTON	FALSE	TRUE	TRUE	TRUE	FALSE	TRUE	INCLUDE		INCLUDE		INCLUDE	TRUE	TRUE
arlingtonurl2.json	https://www.umb.edu/media/umassboston/content-assets/documents/Report-Learning-From-MVP-Greater-Boston-2022-05-24.pdf	boston	2021	massachusetts	1	1	23026	54	Learning from the Massachusetts Municipal Vulnerability Preparedness (MVP) Program in the Greater B	66	32	10	10	0	0	4	0	54.098	26.23	8.197	8.197	0	0	3.279	0	70	0	3	41	27	2	0	48.951	0	2.098	28.671	18.881	1.399	0	ARLINGTON	FALSE	FALSE	TRUE	TRUE	FALSE	TRUE	INCLUDE		INCLUDE		INCLUDE	TRUE	TRUE
arlingtonurl15.json	https://cms7files1.revize.com/quincyma/Document%20Center/Residents/Multi-Hazard%20Mitigation%20Plan/Quincy%20HMP%205-Year%20Update%20Volume%202%20-%20Adopted%204-2-2019.pdf	quincy	2013	massachusetts	1	1	34611	183	CITY OF QUINCY MULTI- HAZARD MITIGATION PLAN 5-YEAR UPDATE Adopted April 2, 2019 Prepared for the C	384	156	30	35	5	3	19	4	60.377	24.528	4.717	5.503	0.786	0.472	2.987	0.629	16	0	49	1	13	0	0	20.253	0	62.025	1.266	16.456	0	0	ARLINGTON	FALSE	FALSE	TRUE	TRUE	FALSE	TRUE		CM	INCLUDE	its what we want!		TRUE	TRUE
arlingtonurl24.json	https://www.tbf.org/-/media/tbf/reports-and-covers/2022/november/bf_climatefinal_spread.pdf	boston	2022	massachusetts	1	1	29924	78	The Boston Foundation IINNAAUUGGUURRAALL BBOOSSTTOONN CCLLIIMMAATTEE PPRROOGGRREESSSS RREEPPOORRTT 	36	58	11	4	2	0	4	1	31.034	50	9.483	3.448	1.724	0	3.448	0.862	2	0	10	4	7	0	0	8.696	0	43.478	17.391	30.435	0	0	ARLINGTON	FALSE	FALSE	TRUE	TRUE	FALSE	TRUE	INCLUDE		INCLUDE		INCLUDE	TRUE	TRUE
arlingtonurl29.json	https://cityofeverett.com/wp-content/uploads/2021/10/Everett-HMP-2021-Update_draft-07-22-2021-lr.pdf	everett	2021	massachusetts	1	1	45839	306	Everett Hazard Mitigation Plan 2021 Update Everett, Massachusetts July 22, 2021 submitted to Federa	528	369	48	1	2	4	57	13	51.663	36.106	4.697	0.098	0.196	0.391	5.577	1.272	86	0	45	0	51	0	0	47.253	0	24.725	0	28.022	0	0	ARLINGTON	FALSE	TRUE	TRUE	TRUE	FALSE	TRUE	INCLUDE		INCLUDE		INCLUDE	TRUE	TRUE
arlingtonurl31.json	https://www.boston.gov/sites/default/files/embed/file/2019-10/city_of_boston_2019_climate_action_plan_update_4.pdf	boston	2019	massachusetts	1	1	24031	88	CITY OF BOSTON CLIMATE ACTION PLAN 2019 UPDATE MAYOR MARTIN J. WALSH October 2019 1CONTENTS INTRODU	21	15	6	15	3	0	1	0	34.426	24.59	9.836	24.59	4.918	0	1.639	0	15	0	21	1	10	1	0	31.25	0	43.75	2.083	20.833	2.083	0	ARLINGTON	FALSE	FALSE	TRUE	TRUE	FALSE	TRUE	INCLUDE		INCLUDE		INCLUDE	TRUE	TRUE
arlingtonurl39.json	https://www.epa.gov/system/files/documents/2024-03/boston-cambridge-newton-ma-nh-mapc-pcap.pdf	boston	2017	massachusetts	1	1	41467	156	Greater Boston Priority Climate Action Plan March 2024 Grant #: 00A01117 | Recipient: Metropolitan 	38	17	29	175	11	1	4	9	13.38	5.986	10.211	61.62	3.873	0.352	1.408	3.169	0	0	65	1	23	18	1	0	0	60.185	0.926	21.296	16.667	0.926	ARLINGTON	FALSE	FALSE	TRUE	TRUE	FALSE	TRUE	INCLUDE		INCLUDE		INCLUDE	TRUE	TRUE
arlingtonurl45.json	https://arlingtonlandtrust.org/wp-content/uploads/2020/01/2016_Fall_ALT_Newsletter_web.pdf	arlington	2015	massachusetts	1	1	4852	8	N E W S V O L U M E 1 6 N U M B E R 1 F A L L 2 0 1 6 The Arlington Land Trust is a community-based	10	10	1	0	0	0	3	0	41.667	41.667	4.167	0	0	0	12.5	0	1	0	4	0	1	0	0	16.667	0	66.667	0	16.667	0	0	ARLINGTON	FALSE	TRUE	TRUE	TRUE	FALSE	TRUE	INCLUDE		INCLUDE		INCLUDE	TRUE	TRUE
arlingtonurl55.json	https://www.abettercity.org/docs-new/extreme%20heat%20case%20studies%2051123.pdf	boston	2022	massachusetts	1	1	7123	21	CASE STUDIES: HOW BOSTON ORGANIZATIONS AND INSTITUTIONS CAN ENGAGE IN COMMUNITY HEAT RESILIENCE INI	1	12	53	9	0	0	1	0	1.316	15.789	69.737	11.842	0	0	1.316	0	1	0	3	0	9	0	0	7.692	0	23.077	0	69.231	0	0	ARLINGTON	FALSE	FALSE	TRUE	TRUE	FALSE	TRUE	INCLUDE		INCLUDE		INCLUDE	TRUE	TRUE
arlingtonurl53.json	https://static1.squarespace.com/static/563d6078e4b0396c216603c8/t/64c184ca84316d44a8d5f988/1690404047425/_FINAL+REPORT+2023.06.29_BIM_ClimateVulnerabilityAssessment_ExecutiveSummary_final_wAppendix+-+rev-compressed.pdf	winthrop	2020	massachusetts	1	1	53848	205	Belle Isle Marsh Climate Vulnerability Assessment June 2023 PREPARED FOR: PREPARED BY: Town of Wint	1017	366	1	0	0	3	84	2	69.043	24.847	0.068	0	0	0.204	5.703	0.136	10	0	26	0	8	0	0	22.727	0	59.091	0	18.182	0	0	ARLINGTON	FALSE	TRUE	TRUE	TRUE	FALSE	TRUE	INCLUDE		INCLUDE		INCLUDE	TRUE	TRUE
arlingtonurl6.json	https://www.cambridgema.gov/-/media/Files/CDD/Climate/resilientcambridge/sealevelrisestormsurgetechnicalreport.pdf	boston	2021	massachusetts	1	1	7718	37	Sea Level Rise/ Storm Surge Flooding RegiRonal A Analysis Technical Report RESILIENT CAMBRIDGEConte	236	26	0	0	0	0	3	0	89.057	9.811	0	0	0	0	1.132	0	1	0	1	0	0	0	0	50	0	50	0	0	0	0	ARLINGTON	FALSE	FALSE	TRUE	TRUE	FALSE	TRUE	INCLUDE		INCLUDE		INCLUDE	TRUE	TRUE
arlingtonurl71.json	https://www.greenribboncommission.org/wp-content/uploads/2018/05/Feasibility-of-Harbor-wide-Barriers-Report.pdf	boston	2016	massachusetts	1	1	104255	250	Feasibility of Harbor-wide Barrier Systems Preliminary Analysis for Boston Harbor Sustainable Solut	1117	359	5	3	0	12	22	0	73.584	23.65	0.329	0.198	0	0.791	1.449	0	1	0	38	9	0	0	0	2.083	0	79.167	18.75	0	0	0	ARLINGTON	FALSE	FALSE	TRUE	TRUE	FALSE	TRUE	INCLUDE		INCLUDE		INCLUDE	TRUE	TRUE
arlingtonurl8.json	https://cms5.revize.com/revize/chelseama/Document_Center/Departments/Housing%20&%20Community%20Development/Environment%20and%20Climate%20Resilience/North%20Suffolk%20Office%20of%20Resilience%20and%20Sustainability/chelsea_hazard_mitigation_plan_2022_update_-_adopted_07-08-22.pdf	chelsea	2022	massachusetts	1	1	43534	165	CITY OF CHELSEA HAZARD MITIGATION PLAN 2022 UPDATE \ Final Plan Adopted July 8, 2022[This page inte	480	565	80	13	3	0	146	43	36.09	42.481	6.015	0.977	0.226	0	10.977	3.233	4	0	21	0	51	0	2	5.128	0	26.923	0	65.385	0	2.564	ARLINGTON	FALSE	TRUE	TRUE	TRUE	FALSE	TRUE	INCLUDE		INCLUDE		INCLUDE	TRUE	TRUE
arlingtonurl89.json	https://www.mass.gov/doc/2017-2018-mvp-planning-grant-report-arlington/download	arlington	2018	massachusetts	1	1	6545	16	TOWN OF ARLINGTON Community Resilience Building Workshop Summary of Findings & Recommendations May,	97	50	10	0	0	2	13	0	56.395	29.07	5.814	0	0	1.163	7.558	0	56	0	2	0	7	0	0	86.154	0	3.077	0	10.769	0	0	ARLINGTON	FALSE	TRUE	TRUE	TRUE	FALSE	TRUE	NA	NA	NA	NA	NA	TRUE	TRUE
belmonturl1.json	https://www.cambridgema.gov/-/media/Files/CDD/Climate/resilientcambridge/resilientcityresilientpeople.pdf	cambridge	2018	massachusetts	1	1	4032	36	Resilient City ↓ Resilient PeopleThis a public summary for Resilient Cambridge. 6 What is climate c	67	38	8	0	0	0	1	0	58.772	33.333	7.018	0	0	0	0.877	0	0	0	1	0	0	0	0	0	0	100	0	0	0	0	BELMONT	FALSE	TRUE	TRUE	TRUE	FALSE	TRUE	INCLUDE		INCLUDE		INCLUDE	TRUE	TRUE
belmonturl24.json	https://www.cityofmelrose.org/sites/g/files/vyhlif3451/f/uploads/natural_hazards_mitigation_plan_public_review_draft_1.pdf	melrose	2018	massachusetts	1	1	72940	305	Natural Hazards Mitigation Plan City of Melrose, Massachusetts Draft March 2019Table of Contents 1.	736	688	54	31	12	3	89	45	44.391	41.496	3.257	1.87	0.724	0.181	5.368	2.714	115	3	22	0	63	29	1	49.356	1.288	9.442	0	27.039	12.446	0.429	BELMONT	FALSE	TRUE	TRUE	TRUE	FALSE	TRUE	INCLUDE		INCLUDE		INCLUDE	TRUE	TRUE
belmonturl3.json	https://www.massaudubon.org/content/download/12560/file/MassAudubon_LosingGround5_FINAL_medres.pdf	boston	2013	massachusetts	1	1	16165	32	LosinG Ground Planning for Resilience Patterns of development and their impact on the nature of Mas	7	16	2	0	0	0	1	0	26.923	61.538	7.692	0	0	0	3.846	0	1	0	0	0	0	0	0	100	0	0	0	0	0	0	BELMONT	FALSE	FALSE	TRUE	TRUE	FALSE	TRUE	INCLUDE		INCLUDE		INCLUDE	TRUE	TRUE
belmonturl34.json	http://friendsofalewifereservation.org/2014-04-02-Belmont-Uplands-History-Anne-Marie-Lambert.pdf	belmont	2014	massachusetts	1	1	2869	62	Belmont Uplands: History, Relevance A Belmont Perspective on Some Regional Issues Anne-Marie Lamber	8	14	0	0	2	0	1	0	32	56	0	0	8	0	4	0	0	0	5	0	3	0	0	0	0	62.5	0	37.5	0	0	BELMONT	FALSE	TRUE	TRUE	TRUE	FALSE	TRUE	INCLUDE		INCLUDE		INCLUDE	TRUE	TRUE
belmonturl30.json	https://www.cityofboston.gov/images_documents/Section%204%20OSP1521%20Env%20Inventory_tcm3-48430.pdf	boston	2015	massachusetts	1	1	20464	73	Open Space Plan 2015-2021 Section 4 Environmental Inventory & AnalysisSection 4 Environmental Inven	95	64	4	1	0	2	7	1	54.598	36.782	2.299	0.575	0	1.149	4.023	0.575	0	0	20	0	3	0	0	0	0	86.957	0	13.043	0	0	BELMONT	FALSE	FALSE	TRUE	TRUE	FALSE	TRUE	INCLUDE		INCLUDE		INCLUDE	TRUE	TRUE
belmonturl33.json	https://www.mapc.org/wp-content/uploads/2022/11/2022_Nov_ExDir-Report.pdf	boston	2022	massachusetts	1	1	9087	22	Executive Director’s Report Mid-September through Mid-November Submitted to the Executive Committee	11	5	1	3	0	0	2	0	50	22.727	4.545	13.636	0	0	9.091	0	10	0	9	5	15	0	0	25.641	0	23.077	12.821	38.462	0	0	BELMONT	FALSE	FALSE	TRUE	TRUE	FALSE	TRUE	INCLUDE		INCLUDE		INCLUDE	TRUE	TRUE
belmonturl38.json	https://greenribboncommission.org/wp-content/uploads/2023/03/BGR-Shared-History_%C6%92inal_IA.pdf	boston	2019	massachusetts	1	1	11739	32	Our Shared History Using Boston’s Climate Opportunities to Address Systemic RacismAcknowledgements 	19	2	6	3	2	1	2	1	52.778	5.556	16.667	8.333	5.556	2.778	5.556	2.778	1	0	21	0	0	0	0	4.545	0	95.455	0	0	0	0	BELMONT	FALSE	FALSE	TRUE	TRUE	FALSE	TRUE	INCLUDE		INCLUDE		INCLUDE	TRUE	TRUE
belmonturl36.json	https://cambridgecf.org/wp-content/uploads/2017/04/Cambridge-Needs-Assessment-20170123.pdf	cambridge	2014	massachusetts	1	1	28544	107	CITY OF CAMBRIDGE Community Needs Assessment January 25, 2017 Prepared by TDCTable of Contents Exec	5	1	0	1	0	0	0	0	71.429	14.286	0	14.286	0	0	0	0	2	0	119	51	81	1	0	0.787	0	46.85	20.079	31.89	0.394	0	BELMONT	FALSE	TRUE	TRUE	TRUE	FALSE	TRUE	INCLUDE		INCLUDE		INCLUDE	TRUE	TRUE
belmonturl40.json	https://ebcne.org/wp-content/uploads/2019/08/01-08-20-MASTER-Program-Series-with-DEP-Headquarters.pdf	boston	2020	massachusetts	1	1	4051	91	EBC Program Series with MassDEP Leadership: Headquarters Leadership TeamWelcome David Young Program	4	10	1	7	2	0	2	0	15.385	38.462	3.846	26.923	7.692	0	7.692	0	3	0	3	0	4	0	0	30	0	30	0	40	0	0	BELMONT	FALSE	FALSE	TRUE	TRUE	FALSE	TRUE	INCLUDE		INCLUDE		INCLUDE	TRUE	TRUE
belmonturl39.json	https://www.boston.gov/sites/default/files/file/2023/07/Section%204.pdf	boston	2023	massachusetts	1	1	15834	35	SECTION 4 ENVIRONMENTAL INVENTORY & ANALYSISSECTION 4 – ENVIRONMENTAL INVENTORY & ANALYSIS SECTION 	74	42	2	0	0	1	4	1	59.677	33.871	1.613	0	0	0.806	3.226	0.806	0	0	14	0	0	0	0	0	0	100	0	0	0	0	BELMONT	FALSE	FALSE	TRUE	TRUE	FALSE	TRUE	INCLUDE		INCLUDE		INCLUDE	TRUE	TRUE
belmonturl65.json	http://envision.cambridgema.gov/wp-content/uploads/2019/06/201906_EnvisionCambridge-Final-Report.pdf	cambridge	2017	massachusetts	1	1	45376	214	Envision Cambridge A plan for the future of the city City of CambridgeEnvision Cambridge Dear Cambr	26	26	13	9	0	0	5	0	32.911	32.911	16.456	11.392	0	0	6.329	0	56	0	93	8	78	0	0	23.83	0	39.574	3.404	33.191	0	0	BELMONT	FALSE	TRUE	TRUE	TRUE	FALSE	TRUE	INCLUDE		INCLUDE		INCLUDE	TRUE	TRUE
belmonturl7.json	https://www.clf.org/wp-content/uploads/2018/01/GRC_CLF_Report_R8.pdf	boston	2017	massachusetts	1	1	31836	64	Climate Adaptation and Liability: A Legal Primer and Workshop Summary Report JANUARY 2018This repor	132	67	2	0	3	0	5	1	62.857	31.905	0.952	0	1.429	0	2.381	0.476	130	0	25	0	1	0	0	83.333	0	16.026	0	0.641	0	0	BELMONT	FALSE	FALSE	TRUE	TRUE	FALSE	TRUE	INCLUDE		INCLUDE		INCLUDE	TRUE	TRUE
bostonurl10.json	https://www.tbf.org/-/media/tbf/reports-and-covers/2022/november/climate-report-supplement-3.pdf	boston	2022	massachusetts	1	1	25412	47	The Boston Climate Progress Report: DEFENDING THE WATERFRONT: BUILDING A RESILIENT COASTLINE FO R B	186	80	6	0	0	0	6	0	66.906	28.777	2.158	0	0	0	2.158	0	4	0	2	8	0	0	0	28.571	0	14.286	57.143	0	0	0	BOSTON	FALSE	FALSE	TRUE	TRUE	FALSE	TRUE	INCLUDE		INCLUDE		INCLUDE	TRUE	TRUE
bostonurl12.json	http://envision.cambridgema.gov/wp-content/uploads/2016/08/Cambridge_November2015_FINAL-web.pdf	cambridge	2015	massachusetts	1	1	12871	40	ehT tropeR Climate Change Vulnerability Assessment November 2015 City of Cambridge, Massachusetts 1	155	75	36	8	3	1	10	0	53.819	26.042	12.5	2.778	1.042	0.347	3.472	0	1	0	2	0	2	0	0	20	0	40	0	40	0	0	BOSTON	FALSE	TRUE	TRUE	TRUE	FALSE	TRUE	INCLUDE		INCLUDE		INCLUDE	TRUE	TRUE
bostonurl13.json	https://greenribboncommission.org/wp-content/uploads/2022/06/GBRAG_report_05312022@1915.pdf	boston	2019	massachusetts	1	1	67639	142	Climate Change Impacts and Projections for the Greater Boston Area EllEn Douglas, PhD, Paul KirshEn	905	353	53	39	0	1	37	4	65.014	25.359	3.807	2.802	0	0.072	2.658	0.287	7	0	46	1	4	0	0	12.069	0	79.31	1.724	6.897	0	0	BOSTON	FALSE	FALSE	TRUE	TRUE	FALSE	TRUE	INCLUDE		INCLUDE		INCLUDE	TRUE	TRUE
bostonurl21.json	https://www.bu.edu/igs/files/2023/09/DSI-2023-Final-CCBUMC-Annotated.pdf	boston	2023	massachusetts	1	1	5201	14	Maleyeff et al University Climate Change Risk Assessment DECISION SCIENCES INSTITUTE Climate Change	30	20	6	7	3	1	2	0	43.478	28.986	8.696	10.145	4.348	1.449	2.899	0	0	0	5	2	0	0	0	0	0	71.429	28.571	0	0	0	BOSTON	FALSE	FALSE	TRUE	TRUE	FALSE	TRUE	INCLUDE		INCLUDE		INCLUDE	TRUE	TRUE
bostonurl19.json	https://www.abettercity.org/docs-new/extreme%20heat%20primer%2051123.pdf	boston	2022	massachusetts	1	1	6953	19	PRIMER | MAY 2023 ADDRESSING EXTREME HEAT IN BOSTON: ENGAGING THE BUSINESS COMMUNITY IN HEAT RESILI	5	10	97	3	3	0	1	0	4.202	8.403	81.513	2.521	2.521	0	0.84	0	5	0	2	0	0	0	0	71.429	0	28.571	0	0	0	0	BOSTON	FALSE	FALSE	TRUE	TRUE	FALSE	TRUE	INCLUDE		INCLUDE		INCLUDE	TRUE	TRUE
bostonurl2.json	https://www.umb.edu/media/umassboston/editor-uploads/sustainable-solutions-lab/documents/Who-Counts-In-Climate-Resilience-Web.pdf	boston	2021	massachusetts	1	1	6934	31	Who Counts in Climate Resilience? Transient Populations and Climate Resilience in Boston and Cape C	7	44	5	0	0	0	4	0	11.667	73.333	8.333	0	0	0	6.667	0	0	0	34	22	5	0	0	0	0	55.738	36.066	8.197	0	0	BOSTON	FALSE	FALSE	TRUE	TRUE	FALSE	TRUE	INCLUDE		INCLUDE		INCLUDE	TRUE	TRUE
bostonurl18.json	https://www.clf.org/wp-content/uploads/2019/02/CLF_Ch91ClimateReport_Final2.pdf	boston	2016	massachusetts	1	1	22058	62	Climate Change & the Massachusetts Public Waterfront Act A Report on the Future Challenges and Oppo	375	39	0	2	0	0	12	0	87.617	9.112	0	0.467	0	0	2.804	0	0	0	5	0	1	0	0	0	0	83.333	0	16.667	0	0	BOSTON	FALSE	FALSE	TRUE	TRUE	FALSE	TRUE	INCLUDE		INCLUDE		INCLUDE	TRUE	TRUE
bostonurl22.json	https://www.bostonharbornow.org/wp-content/uploads/2017/12/FOR-RELEASE-Bostons-Working-Port-A-Foundation-for-Innovation-v1-24.pdf	boston	2017	massachusetts	1	1	19178	43	January 2018 B W O O S R T K I O A F O N N U ’ N D G S A T I O P N F O O R I N R N T O : V A T I O 	300	139	0	0	11	21	0	1	63.559	29.449	0	0	2.331	4.449	0	0.212	0	0	5	20	0	0	0	0	0	20	80	0	0	0	BOSTON	FALSE	FALSE	TRUE	TRUE	FALSE	TRUE	INCLUDE		INCLUDE		INCLUDE	TRUE	TRUE
bostonurl24.json	https://www.bwsc.org/sites/default/files/2023-02/BWSC%20Coastal%20Stormwater%20Discharge%20Analysis%20-%20Final%20Report.pdf	boston	2023	massachusetts	1	1	46170	196	Hazen and Sawyer 24 Federal Street, 5th Floor Boston, MA 02110 • 617.574.4747 Coastal Stormwater Di	661	710	0	0	4	3	28	0	47.013	50.498	0	0	0.284	0.213	1.991	0	0	0	10	0	5	0	0	0	0	66.667	0	33.333	0	0	BOSTON	FALSE	FALSE	TRUE	TRUE	FALSE	TRUE	INCLUDE		INCLUDE		INCLUDE	TRUE	TRUE
bostonurl27.json	http://www.mapc.org/wp-content/uploads/2019/03/Brookline-final-plan.pdf	brookline	2010	massachusetts	1	1	19792	73	Town of Brookline Climate Vulnerability Assessment and Action Plan December 2017 Prepared for Town 	285	137	79	21	10	0	17	2	51.724	24.864	14.338	3.811	1.815	0	3.085	0.363	4	0	11	0	35	0	0	8	0	22	0	70	0	0	BOSTON	FALSE	FALSE	TRUE	TRUE	FALSE	TRUE	INCLUDE		INCLUDE		INCLUDE	TRUE	TRUE
bostonurl3.json	https://www.boston.gov/sites/default/files/imce-uploads/2017-01/crb_-_focus_area_va.pdf	boston	2015	massachusetts	1	1	22761	31	MAYOR MARTIN J. WALSH Each of these hazards impacts the city’s people, buildings, infrastructure, e	187	163	52	15	2	0	5	0	44.104	38.443	12.264	3.538	0.472	0	1.179	0	1	0	8	3	0	0	0	8.333	0	66.667	25	0	0	0	BOSTON	FALSE	FALSE	TRUE	TRUE	FALSE	TRUE	INCLUDE		INCLUDE		INCLUDE	TRUE	TRUE
bostonurl40.json	https://s3.amazonaws.com/somervillema-live/s3fs-public/Somerville_Climate_Change_Vulnerability_Assessment_2023.pdf	somerville	2017	massachusetts	1	1	5883	32	2023 Climate Change Vulnerability Assessment Update CITY OF SOMERVILLE CLIMATE FORWARD Page 0 of 31	138	110	20	0	0	0	24	0	47.26	37.671	6.849	0	0	0	8.219	0	0	0	0	0	1	0	0	0	0	0	0	100	0	0	BOSTON	FALSE	TRUE	TRUE	TRUE	FALSE	TRUE	INCLUDE		INCLUDE		INCLUDE	TRUE	TRUE
bostonurl48.json	https://www.nrcc.cornell.edu/workshops/oct_2019_precip/boston.pdf	boston	2018	massachusetts	1	1	541	20	CLIMATE READY BOSTON Results from Boston Research Advisory Group (BRAG) Ellen Douglas, PE, PhD Paul	11	15	2	0	0	0	4	0	34.375	46.875	6.25	0	0	0	12.5	0	0	0	5	0	1	0	0	0	0	83.333	0	16.667	0	0	BOSTON	FALSE	FALSE	TRUE	TRUE	FALSE	TRUE	INCLUDE		INCLUDE		INCLUDE	TRUE	TRUE
bostonurl43.json	https://cdn.branchcms.com/GB7r14nbKy-1182/docs/ComDev/Presented-for-adoption.Revere-Hazard-Mitigation-Plan-2022-Update_2021-12-15.pdf	revere	2021	massachusetts	1	1	58311	230	The City of Revere, Massachusetts Hazard Mitigation Plan – 2022 Update The City of RevereHazard Mit	722	576	10	0	0	0	106	47	49.418	39.425	0.684	0	0	0	7.255	3.217	125	0	24	0	45	13	0	60.386	0	11.594	0	21.739	6.28	0	BOSTON	FALSE	TRUE	TRUE	TRUE	FALSE	TRUE	INCLUDE		INCLUDE		INCLUDE	TRUE	TRUE
bostonurl55.json	https://sustainablebuildingsinitiative.org/assets/images/FINAL%20Climate%20Resilience%20Template%20for%20Buildings%2003.07.19.pdf	boston	2018	massachusetts	1	1	9891	32	Climate Resilience Template for Buildings ABOUT THIS TEMPLATE This template serves as a guide for c	120	50	22	1	5	0	7	0	58.537	24.39	10.732	0.488	2.439	0	3.415	0	0	0	2	0	2	0	0	0	0	50	0	50	0	0	BOSTON	FALSE	FALSE	TRUE	TRUE	FALSE	TRUE	INCLUDE		INCLUDE		INCLUDE	TRUE	TRUE
bostonurl72.json	https://cssh.northeastern.edu/bari/wp-content/uploads/sites/30/2021/09/BARI_Mayor-White-Paper-Energy13068.pdf	boston	2019	massachusetts	1	1	3806	7	HOW THE NEXT MAYOR CAN ACCELERATE BOSTON’S EQUITABLE CLEAN ENERGY TRANSITION RISKS FACING THE CITY 	1	1	1	0	0	0	1	0	25	25	25	0	0	0	25	0	0	0	2	0	1	0	0	0	0	66.667	0	33.333	0	0	BOSTON	FALSE	FALSE	TRUE	TRUE	FALSE	TRUE	INCLUDE		INCLUDE		INCLUDE	TRUE	TRUE
bostonurl67.json	https://www.fema.gov/sites/default/files/documents/fema_PDMC-PJ-01-MA-2018-008-Boston-Fort-Point-Draft-EA_112021.pdf	boston	2021	massachusetts	1	1	32529	99	Draft Environmental Assessment City of Boston Resilient Fort Point Channel Infrastructure Project C	539	53	1	11	1	23	7	0	84.882	8.346	0.157	1.732	0.157	3.622	1.102	0	0	0	35	0	3	0	0	0	0	92.105	0	7.895	0	0	BOSTON	FALSE	FALSE	TRUE	TRUE	FALSE	TRUE	INCLUDE		INCLUDE		INCLUDE	TRUE	TRUE
bostonurl9.json	https://www.cambridgema.gov/-/media/Files/CDD/Climate/vulnerabilityassessment/finalreport_ccvapart2_mar2017_final2_web.pdf	cambridge	2017	massachusetts	1	1	5500	22	ehT tropeR Climate Change Vulnerability Assessment February 2017 City of Cambridge, Massachusetts 2	227	55	1	0	1	1	8	0	77.474	18.771	0.341	0	0.341	0.341	2.73	0	0	0	2	0	0	0	0	0	0	100	0	0	0	0	BOSTON	FALSE	TRUE	TRUE	TRUE	FALSE	TRUE	INCLUDE		INCLUDE		INCLUDE	TRUE	TRUE
bostonurl86.json	http://ctps.org/data/images/Pages/lrtp-dev/LRTP_Memo_NA_Recommendations_11.16.pdf	boston	2018	massachusetts	1	1	16573	51	TECHNICAL MEMORANDUM DATE: November 15, 2018 TO: Boston Region Metropolitan Planning Organization F	5	5	0	22	3	0	1	0	13.889	13.889	0	61.111	8.333	0	2.778	0	0	0	11	0	29	0	0	0	0	27.5	0	72.5	0	0	BOSTON	FALSE	FALSE	TRUE	TRUE	FALSE	TRUE	INCLUDE		INCLUDE		INCLUDE	TRUE	TRUE
bostonurl90.json	https://www.mass.gov/doc/boston-climate-ready-boston/download	boston	2016	massachusetts	1	1	108549	199	CLIMATE READY BOSTON FINAL REPORT MAYOR MARTIN J. WALSH DECEMBER 2016December 2016 Dear Neighbors, 	811	557	140	19	3	2	18	0	52.323	35.935	9.032	1.226	0.194	0.129	1.161	0	17	0	17	6	52	0	0	18.478	0	18.478	6.522	56.522	0	0	BOSTON	FALSE	FALSE	TRUE	TRUE	FALSE	TRUE	NA	NA	NA	NA	NA	TRUE	TRUE
brooklineurl19.json	https://www.rosekennedygreenway.org/wp-content/uploads/2021/03/Greenway-Conservancy-FY20-Annual-Report.pdf	boston	2020	massachusetts	1	1	3966	12	ROSE KENNEDY GREENWAY CONSERVANCY A N N U A L R E P O R T 2 0 2 0Dear Friends, In the extraordinary	0	5	0	0	0	0	0	0	0	100	0	0	0	0	0	0	0	0	0	0	0	0	0	0	0	0	0	0	0	0	BROOKLINE	FALSE	FALSE	TRUE	TRUE	FALSE	TRUE	NA	NC	INCLUDE	More of a built environment thing but still relevant I think	NA	TRUE	TRUE
brooklineurl15.json	https://www.abettercity.org/docs-new/2023%20year%20in%20review%20final%201.9.24%20%20%20cc.pdf	boston	2023	massachusetts	1	1	6345	26	WELCOME OFFICERS A Better City Members and Stakeholders: James M. Tierney In 2023, A Better City wo	2	4	11	1	2	0	0	0	10	20	55	5	10	0	0	0	12	0	1	0	3	1	0	70.588	0	5.882	0	17.647	5.882	0	BROOKLINE	FALSE	FALSE	TRUE	TRUE	FALSE	TRUE	NA	NC	INCLUDE		NA	TRUE	TRUE
brooklineurl11.json	https://www.cityofboston.gov/images_documents/a%20climate%20of%20progress%20-%20cap%20update%202011_tcm3-25020.pdf	boston	2010	massachusetts	1	1	20367	44	A Climate of Progress City of Boston Climate Action Plan Update 2011 TROPER ETADPU APRIL 2011RETTEL	11	32	10	76	1	1	2	0	8.271	24.06	7.519	57.143	0.752	0.752	1.504	0	8	0	8	0	12	0	0	28.571	0	28.571	0	42.857	0	0	BROOKLINE	FALSE	FALSE	TRUE	TRUE	FALSE	TRUE	NA	NC	INCLUDE		NA	TRUE	TRUE
brooklineurl31.json	https://www.clf.org/wp-content/uploads/2023/12/DPU-20-80-B-Order-12.6.2313.pdf	boston	2022	massachusetts	1	1	36332	140	The Commonwealth of Massachusetts —— DEPARTMENT OF PUBLIC UTILITIES D.P.U. 20-80-B December 6, 2023	0	5	0	91	0	5	0	1	0	4.902	0	89.216	0	4.902	0	0.98	12	0	2	0	7	0	0	57.143	0	9.524	0	33.333	0	0	BROOKLINE	FALSE	FALSE	TRUE	TRUE	FALSE	TRUE	NA	NC	INCLUDE		NA	TRUE	TRUE
brooklineurl38.json	https://www.massport.com/sites/default/files/2023-10/bos-rwy-27-end-rsa_dea-feir_121522.pdf	boston	2022	massachusetts	1	1	151791	486	DRAFT ENVIRONMENTAL ASSESSMENT/ FINAL ENVIRONMENTAL IMPACT REPORT EEA# 16433 Runway 27 End Runway S	261	307	18	265	7	18	9	1	29.458	34.65	2.032	29.91	0.79	2.032	1.016	0.113	1	0	142	0	115	0	1	0.386	0	54.826	0	44.402	0	0.386	BROOKLINE	FALSE	FALSE	TRUE	TRUE	FALSE	TRUE	NA	NC	INCLUDE	East Boston centric 	NA	TRUE	TRUE
brooklineurl5.json	https://www.cambridgema.gov/-/media/Files/CDD/Climate/vulnerabilityassessment/newdocumentsapril2017/sealevelriseandstormsurgevulnerabilityassessment_20170426.pdf	cambridge	2017	massachusetts	1	1	18106	71	Sea Level Rise and Coastal Storm Surge Vulnerability Assessment Climate Change Vulnerability Assess	683	65	4	0	5	6	1	0	89.398	8.508	0.524	0	0.654	0.785	0.131	0	0	0	1	0	0	0	0	0	0	100	0	0	0	0	BROOKLINE	FALSE	TRUE	TRUE	TRUE	FALSE	TRUE	NA	NC	INCLUDE		NA	TRUE	TRUE
brooklineurl8.json	https://s3.amazonaws.com/somervillema-live/s3fs-public/Final_Somerville_CAP_REV042424_Online.pdf	somerville	2023	massachusetts	1	1	23840	96	MAYOR KATJANA BALLANTYNE CLIMATE FORWARD City of Somerville Community Climate Action Plan UPDATED A	50	46	30	73	4	0	4	1	24.038	22.115	14.423	35.096	1.923	0	1.923	0.481	8	0	50	4	26	0	0	9.091	0	56.818	4.545	29.545	0	0	BROOKLINE	FALSE	TRUE	TRUE	TRUE	FALSE	TRUE	NA	NC	INCLUDE		NA	TRUE	TRUE
cambridgeurl10.json	http://rwinters.com/council/022822M15b.pdf	cambridge	2019	massachusetts	1	1	15278	83	CITY OF CAMBRIDGE Climate Resilience Zoning Task Force February 2022 1Executive Summary Over the co	184	33	11	3	3	1	6	0	76.349	13.693	4.564	1.245	1.245	0.415	2.49	0	0	0	0	0	2	0	0	0	0	0	0	100	0	0	CAMBRIDGE	FALSE	TRUE	TRUE	TRUE	FALSE	TRUE	INCLUDE		INCLUDE		INCLUDE	TRUE	TRUE
cambridgeurl11.json	https://globalchange.mit.edu/sites/default/files/MITJPSPGC_Rpt358.pdf	cambridge	2018	massachusetts	1	1	5245	9	Report 358 March 2022 Assessing the Changing Risk of Flood-producing Events in Cambridge Xiang Gao 	27	13	3	0	0	0	1	0	61.364	29.545	6.818	0	0	0	2.273	0	0	0	0	0	0	0	0	0	0	0	0	0	0	0	CAMBRIDGE	FALSE	TRUE	TRUE	TRUE	FALSE	TRUE	INCLUDE		INCLUDE		INCLUDE	TRUE	TRUE
cambridgeurl1.json	https://www.mass.gov/files/documents/2023/10/10/2023%20ResilientMass%20Plan_10.10.23%20508.pdf	boston	2023	massachusetts	1	1	114519	362	This page intentionally left blank. ResilientMass Plan: 2023 MA State Hazard Mitigation and Climate	744	480	83	36	22	21	169	88	45.283	29.215	5.052	2.191	1.339	1.278	10.286	5.356	24	0	115	8	54	0	0	11.94	0	57.214	3.98	26.866	0	0	CAMBRIDGE	FALSE	FALSE	TRUE	TRUE	FALSE	TRUE	INCLUDE		INCLUDE		INCLUDE	TRUE	TRUE
cambridgeurl2.json	https://www.boston.gov/sites/default/files/document-file-12-2016/brag_report_-_final.pdf	boston	2015	massachusetts	1	1	35467	60	CLIMATE READY BOSTON CLIMATE READY BOSTON Climate Change and Sea Level Rise Projections for Boston 	327	271	75	19	0	2	25	0	45.48	37.691	10.431	2.643	0	0.278	3.477	0	3	0	9	0	0	0	0	25	0	75	0	0	0	0	CAMBRIDGE	FALSE	FALSE	TRUE	TRUE	FALSE	TRUE	INCLUDE		INCLUDE		INCLUDE	TRUE	TRUE
cambridgeurl3.json	https://www.cambridgema.gov/-/media/Files/CDD/Climate/resilientcambridge/betterbuildingstechnicalreport.pdf	cambridge	2021	massachusetts	1	1	9497	35	Better B Buildings Technical Report RESILIENT CAMBRIDGETable of Contents 1. Introduction 3 2. Build	204	73	40	0	6	2	5	0	61.818	22.121	12.121	0	1.818	0.606	1.515	0	0	0	3	0	0	0	0	0	0	100	0	0	0	0	CAMBRIDGE	FALSE	TRUE	TRUE	TRUE	FALSE	TRUE	INCLUDE		INCLUDE		INCLUDE	TRUE	TRUE
cambridgeurl39.json	https://budget.digital.mass.gov/capital/fy22/static/fy22capitalplanma-1f0e4f0f764fba6fe8e77b44d58564e6.pdf	boston	2022	massachusetts	1	1	18590	55	Commonwealth of Massachusetts F Y 2022–2026 ISCAL EAR Five-Year Capital Investment Plan June 14, 20	11	10	0	1	6	0	1	0	37.931	34.483	0	3.448	20.69	0	3.448	0	0	0	3	0	0	0	0	0	0	100	0	0	0	0	CAMBRIDGE	FALSE	FALSE	TRUE	TRUE	FALSE	TRUE	INCLUDE		INCLUDE		INCLUDE	TRUE	TRUE
cambridgeurl5.json	https://www.ilr.cornell.edu/sites/default/files-d8/2024-05/Building%20the%20Clean%20Energy%20Commonwealth.pdf	boston	2022	massachusetts	1	1	30124	100	BUILDING THE CLEAN ENERGY COMMONWEALTH A Climate Jobs Roadmap for MassachusettsACKNOWLEDGMENTS Corn	52	80	24	9	5	3	9	2	28.261	43.478	13.043	4.891	2.717	1.63	4.891	1.087	1	0	50	2	7	0	0	1.667	0	83.333	3.333	11.667	0	0	CAMBRIDGE	FALSE	FALSE	TRUE	TRUE	FALSE	TRUE	INCLUDE		INCLUDE		INCLUDE	TRUE	TRUE
cambridgeurl58.json	https://cdn.branchcms.com/GB7r14nbKy-1182/docs/ComDev/Point-of-Pines-and-Riverside-Area-Coastal-Resilience-Feasibility-Report_Main-Report_6_30_21.pdf	revere	2020	massachusetts	1	1	15912	57	Point of Pines and Riverside Area Coastal Resilience Feasibility Report June 30, 2021Point of Pines	271	105	2	0	0	2	24	0	67.079	25.99	0.495	0	0	0.495	5.941	0	10	0	18	0	3	0	0	32.258	0	58.065	0	9.677	0	0	CAMBRIDGE	FALSE	TRUE	TRUE	TRUE	FALSE	TRUE	INCLUDE		INCLUDE		INCLUDE	TRUE	TRUE
chelseaurl2.json	https://cms5.revize.com/revize/chelseama/Document_Center/Departments/Housing%20&%20Community%20Development/Environment%20and%20Climate%20Resilience/Eastern%20Avenue%20Climate%20Resilience%20Vision%202023.pdf	chelsea	2021	massachusetts	1	1	4762	29	City of Chelsea Eastern Avenue Climate Resilience Vision June 2023Acknowledgments The City of Chels	73	22	3	1	0	0	0	0	73.737	22.222	3.03	1.01	0	0	0	0	1	0	4	1	2	0	0	12.5	0	50	12.5	25	0	0	CHELSEA	FALSE	TRUE	TRUE	TRUE	FALSE	TRUE	INCLUDE		INCLUDE		INCLUDE	TRUE	TRUE
chelseaurl21.json	https://cdn.branchcms.com/GB7r14nbKy-1182/docs/Revere-MVP-Summary-of-Findings-Report_FINAL.pdf	revere	2019	massachusetts	1	1	16534	88	City of Revere, Massachusetts Municipal Vulnerability Preparedness Summary of Findings Report June 	149	108	15	2	0	0	11	12	50.168	36.364	5.051	0.673	0	0	3.704	4.04	107	0	11	0	4	24	0	73.288	0	7.534	0	2.74	16.438	0	CHELSEA	FALSE	TRUE	TRUE	TRUE	FALSE	TRUE	INCLUDE		INCLUDE		INCLUDE	TRUE	TRUE
chelseaurl3.json	https://www.mass.gov/files/documents/2018/10/19/2017-2018-mvp-planning-grant-report-chelsea.pdf	chelsea	2018	massachusetts	1	1	6009	39	City of Chelsea Community Resilience Building Summary of Findings May 19, 2018 1ACKNOWLEDGEMENTS Th	87	51	18	4	2	0	4	0	52.41	30.723	10.843	2.41	1.205	0	2.41	0	35	0	19	0	15	0	4	47.945	0	26.027	0	20.548	0	5.479	CHELSEA	FALSE	TRUE	TRUE	TRUE	FALSE	TRUE	INCLUDE		INCLUDE		INCLUDE	TRUE	TRUE
chelseaurl25.json	https://www3.epa.gov/region1/npdes/chelseacreekfuelterminals/pdfs/2022/2022-crbpsf-rtc.pdf	chelsea	2022	massachusetts	1	1	162822	311	NPDES Permit #MA0003280, #MA0000825 2022 Response to Comments #MA0001091, #MA0001929, and #MA000400	493	977	0	19	1	29	47	4	31.401	62.229	0	1.21	0.064	1.847	2.994	0.255	2	0	545	0	38	2	1	0.34	0	92.687	0	6.463	0.34	0.17	CHELSEA	FALSE	TRUE	TRUE	TRUE	FALSE	TRUE	INCLUDE		INCLUDE		INCLUDE	TRUE	TRUE
chelseaurl42.json	https://www.njit.edu/tab/sites/njit.edu.tab/files/Chelsea-MA%20CWA.pdf	chelsea	2024	massachusetts	1	1	8490	14	CITY OF CHELSEA, MA Department of Housing and Community Development City Hall, 500 Broadway, Room 1	23	10	1	6	2	0	1	0	53.488	23.256	2.326	13.953	4.651	0	2.326	0	0	0	6	0	19	0	2	0	0	22.222	0	70.37	0	7.407	CHELSEA	FALSE	TRUE	TRUE	TRUE	FALSE	TRUE	INCLUDE		INCLUDE		INCLUDE	TRUE	TRUE
chelseaurl45.json	https://www.challiance.org/file%20library/about%20cha/community%20health%20improvement/community%20health%20data%20and%20reports/2022-cha-regional-wellbeing-report-chna.pdf	somerville	2020	massachusetts	1	1	39032	153	Table of Contents Executive Summary 4 How to Navigate this Report 5 Background 6 What is the Wellbe	5	4	2	4	3	0	1	0	26.316	21.053	10.526	21.053	15.789	0	5.263	0	2	0	236	56	7	1	2	0.658	0	77.632	18.421	2.303	0.329	0.658	CHELSEA	FALSE	TRUE	TRUE	TRUE	FALSE	TRUE	INCLUDE		INCLUDE		INCLUDE	TRUE	TRUE
chelseaurl50.json	https://budget.digital.mass.gov/capital/fy23/static/fy23capitalplanma-3f7b42a5ac939e68a2221c638f4e9017.pdf	boston	2023	massachusetts	1	1	19763	57	Commonwealth of Massachusetts Fiscal Years 2023–2027 Five-Year Capital Investment Plan May 5, 2022 	8	11	0	2	9	0	1	0	25.806	35.484	0	6.452	29.032	0	3.226	0	0	0	3	0	0	0	0	0	0	100	0	0	0	0	CHELSEA	FALSE	FALSE	TRUE	TRUE	FALSE	TRUE	INCLUDE		INCLUDE		INCLUDE	TRUE	TRUE
chelseaurl5.json	https://www.mapc.org/wp-content/uploads/2018/07/FINAL.Designing-Parks-and-Playgrounds-as-Green-Infrastructure.Chelsea.6.29.18.pdf	chelsea	2018	massachusetts	1	1	16375	81	Designing Parks and Playgrounds as Green Infrastructure for Stormwater and Climate Resilience Desig	92	178	13	4	0	7	3	0	30.976	59.933	4.377	1.347	0	2.357	1.01	0	1	0	9	0	1	0	0	9.091	0	81.818	0	9.091	0	0	CHELSEA	FALSE	TRUE	TRUE	TRUE	FALSE	TRUE	INCLUDE		INCLUDE		INCLUDE	TRUE	TRUE
chelseaurl61.json	https://climateintegrity.org/uploads/media/EverettMassComplaint.pdf	everett	2016	massachusetts	1	1	17971	70	Case 1:16-cv-11950-MLW Document 1 Filed 09/29/16 Page 1 of 70 UNITED STATES DISTRICT COURT FOR THE 	113	111	8	1	0	3	6	3	46.122	45.306	3.265	0.408	0	1.224	2.449	1.224	0	0	73	0	0	0	0	0	0	100	0	0	0	0	CHELSEA	FALSE	TRUE	TRUE	TRUE	FALSE	TRUE	INCLDE		INCLUDE		INCLDE	TRUE	TRUE
chelseaurl65.json	https://static1.squarespace.com/static/57ac44ebb3db2b4ff1e21ced/t/61bb43cee87b3c39cf1d712c/1639662549281/Final+PDF_DEC+15_JW+Corrections.pdf	chelsea	2020	massachusetts	1	1	42891	104	A Report from GreenRoots // October 2021 COVID-19 in Chelsea: A Glance Into One of the Hardest Hit 	1	8	24	83	11	2	0	1	0.769	6.154	18.462	63.846	8.462	1.538	0	0.769	8	0	136	1	5	4	3	5.096	0	86.624	0.637	3.185	2.548	1.911	CHELSEA	FALSE	TRUE	TRUE	TRUE	FALSE	TRUE	INCLUDE		INCLUDE		INCLUDE	TRUE	TRUE
chelseaurl70.json	https://www.cityofboston.gov/images_documents/Preparing%20for%20Heat%20Waves%20in%20Boston_tcm3-31986.pdf	boston	2010	massachusetts	1	1	29093	121	PREPARING FOR HEAT WAVES IN BOSTON A C O O L WAY T O AT TA C K G L O B A L WA R M I N G Michael Adl	5	15	418	17	0	1	3	0	1.089	3.268	91.068	3.704	0	0.218	0.654	0	0	0	35	36	11	0	1	0	0	42.169	43.373	13.253	0	1.205	CHELSEA	FALSE	FALSE	TRUE	TRUE	FALSE	TRUE	INCLUDE		INCLUDE		INCLUDE	TRUE	TRUE
everetturl7.json	https://www.challiance.org/file%20library/about%20cha/community%20health%20improvement/community%20health%20data%20and%20reports/2022%20cha%20wellbeing%20report%20translations%20(files)/2022-cha-regional-wellbeing-report-chna-executive-summary.pdf	somerville	2022	massachusetts	1	1	4247	15	Executive Summary The Cambridge Health Alliance (CHA) is pleased to present the 2022 CHA Regional W	0	0	0	1	0	0	0	0	0	0	0	100	0	0	0	0	0	0	18	10	2	0	0	0	0	60	33.333	6.667	0	0	EVERETT	FALSE	TRUE	TRUE	TRUE	FALSE	TRUE	INCLUDE		INCLUDE		INCLUDE	TRUE	TRUE
everetturl78.json	https://www.bostonmpo.org/data/pdf/plans/UPWP/FFY-2024-UPWP.pdf	boston	2024	massachusetts	1	1	63240	285	UNIFIED PLANNING WORK PROGRAM FFY 2024 BO S TON REGI O N MPO M N E O TR O POLITAN PLANNING ORGANIZA	14	5	2	95	5	0	7	0	10.938	3.906	1.562	74.219	3.906	0	5.469	0	33	0	69	13	48	0	0	20.245	0	42.331	7.975	29.448	0	0	EVERETT	FALSE	FALSE	TRUE	TRUE	FALSE	TRUE	INCLUDE		INCLUDE		INCLUDE	TRUE	TRUE
lynnurl40.json	http://www.lynnunited.org/files/gearworks_-_Lynn_FEIR_3-10-17_CD.pdf	lynn	2016	massachusetts	1	1	64386	196	Lynn Gear Works Redevelopment Final Environmental Impact Report EEA #15441 ProPonent PrePared by Ly	177	193	1	63	17	10	4	0	38.065	41.505	0.215	13.548	3.656	2.151	0.86	0	0	0	57	0	2	0	0	0	0	96.61	0	3.39	0	0	LYNN	FALSE	FALSE	TRUE	TRUE	FALSE	TRUE	NA	NC	INCLUDE	Climate imacts of built environment planning	NA	TRUE	TRUE
lynnurl58.json	https://www.mass.gov/doc/lynn-report/download	lynn	2019	massachusetts	1	1	20583	143	City of Lynn Community Resilience Building Workshop Summary of Findings June 2019 westonandsampson.	226	154	31	0	0	0	26	9	50.673	34.529	6.951	0	0	0	5.83	2.018	102	1	6	1	20	16	1	69.388	0.68	4.082	0.68	13.605	10.884	0.68	LYNN	FALSE	FALSE	TRUE	TRUE	FALSE	TRUE	NA	NA	NA	NA	NA	TRUE	TRUE
maldenurl25.json	https://secondnature.org/wp-content/uploads/Tufts-Summary-of-Findings.pdf	medford	2018	massachusetts	1	1	6867	35	Tufts University Community Resilience-Building Workshop Summary of Findings Medford/Somerville Camp	29	73	6	0	10	1	10	2	22.137	55.725	4.58	0	7.634	0.763	7.634	1.527	30	2	0	0	8	1	0	73.171	4.878	0	0	19.512	2.439	0	MALDEN	FALSE	TRUE	TRUE	TRUE	FALSE	TRUE	INCLUDE		INCLUDE		INCLUDE	TRUE	TRUE
maldenurl4.json	https://www.mapc.org/wp-content/uploads/2019/07/FINAL_MedfordOSRP-Resilience.5.5.2019.pdf	medford	2019	massachusetts	1	1	17037	109	Medford Parks and Open Space for Climate Resilience May 2019 1 City of Medford Parks and Open Space	143	181	61	10	0	0	6	3	35.396	44.802	15.099	2.475	0	0	1.485	0.743	0	0	9	0	4	0	1	0	0	64.286	0	28.571	0	7.143	MALDEN	FALSE	TRUE	TRUE	TRUE	FALSE	TRUE	INCLUDE		INCLUDE		INCLUDE	TRUE	TRUE
maldenurl7.json	https://cms5.revize.com/revize/chelseama/Document_Center/Departments/Housing%20&%20Community%20Development/Environment%20and%20Climate%20Resilience/North%20Suffolk%20Office%20of%20Resilience%20and%20Sustainability/nsors-annualreport-cy2021_1.pdf	chelsea	2022	massachusetts	1	1	5571	21	Annual Report 2021 Chelsea City Hall, Room 101 500 Broadway, Chelsea, MA 02150THIS PAGE IS LEFT INT	38	9	5	7	0	0	2	0	62.295	14.754	8.197	11.475	0	0	3.279	0	6	0	5	0	2	0	0	46.154	0	38.462	0	15.385	0	0	MALDEN	FALSE	TRUE	TRUE	TRUE	FALSE	TRUE	INCLUDE		INCLUDE		INCLUDE	TRUE	TRUE
maldenurl64.json	https://www.mass.gov/doc/malden-report/download	malden	2020	massachusetts	1	1	16189	171	CITY OF MALDEN COMMUNITY RESILIENCE BUILDING WORKSHOP SUMMARY OF FINDINGS REPORT April 23, 2020 Fil	161	110	8	7	0	0	21	4	51.768	35.37	2.572	2.251	0	0	6.752	1.286	159	0	3	0	7	21	0	83.684	0	1.579	0	3.684	11.053	0	MALDEN	FALSE	TRUE	TRUE	TRUE	FALSE	TRUE	NA	NA	NA	NA	NA	TRUE	TRUE
maldenurl63.json	https://www.cityofmalden.org/DocumentCenter/View/9016/Malden-Climate-Action-Plan?bidId=	malden	2023	massachusetts	1	1	16648	95	Malden Climate Action Plan September 2024 Malden CAP 1Table of Contents Letter from the Mayor  .  .	81	26	25	22	5	1	11	2	46.821	15.029	14.451	12.717	2.89	0.578	6.358	1.156	12	0	9	9	16	0	0	26.087	0	19.565	19.565	34.783	0	0	MALDEN	FALSE	TRUE	TRUE	TRUE	FALSE	TRUE	NA	NA	NA	NA	NA	TRUE	TRUE
medfordurl2.json	https://www.boston.gov/sites/default/files/embed/c/climatereadyeastbostoncharlestown_executivesummary_web.pdf	boston	2017	massachusetts	1	1	6724	24	COASTAL RESILIENCE SOLUTIONS FOR EAST BOSTON AND CHARLESTOWN EXECUTIVE SUMMARY October 2017 MASSACH	230	3	2	0	0	0	8	0	94.65	1.235	0.823	0	0	0	3.292	0	0	0	1	0	0	0	0	0	0	100	0	0	0	0	MEDFORD	FALSE	FALSE	TRUE	TRUE	FALSE	TRUE	INCLUDE		INCLUDE		INCLUDE	TRUE	TRUE
medfordurl17.json	https://s3.amazonaws.com/somervillema-live/s3fs-public/somerville-climate-forward-plan.pdf	somerville	2018	massachusetts	1	1	50186	150	CITY OF SOMERVILLE OFFICE OF SUSTAINABILTY & ENVIRONMENT SOMERVILLE CLIMATE FORWARD MAYOR JOSEPH A.	196	222	51	104	5	16	9	0	32.504	36.816	8.458	17.247	0.829	2.653	1.493	0	13	0	21	4	40	0	1	16.456	0	26.582	5.063	50.633	0	1.266	MEDFORD	FALSE	TRUE	TRUE	TRUE	FALSE	TRUE	INCLUDE		INCLUDE		INCLUDE	TRUE	TRUE
medfordurl5.json	https://resources.finalsite.net/images/v1678904700/medfordmaorg/p4mcr7m8xq7wb5fynbi1/Medford_CAAP_ExecutiveSummary-003.pdf	medford	2018	massachusetts	1	1	4046	36	T T CITY OF EXECUTIVE SUMMARY DRAFT - SEPT 2021EXECUTIVE SUMMARY 2Executive Summary The Climate Act	22	19	5	0	0	0	4	1	43.137	37.255	9.804	0	0	0	7.843	1.961	0	1	7	0	1	0	0	0	11.111	77.778	0	11.111	0	0	MEDFORD	FALSE	TRUE	TRUE	TRUE	FALSE	TRUE	INCLUDE		INCLUDE		INCLUDE	TRUE	TRUE
melroseurl25.json	https://www.saugus-ma.gov/sites/g/files/vyhlif1181/f/uploads/saugus_master_plan-2022final.pdf	saugus	2019	massachusetts	1	1	78464	301	Saugus United 2035 Master PlanAcknowledgments Town of Saugus Saugus United reflects significant wor	123	70	25	29	11	3	14	0	44.727	25.455	9.091	10.545	4	1.091	5.091	0	22	0	76	37	55	1	2	11.399	0	39.378	19.171	28.497	0.518	1.036	MELROSE	FALSE	FALSE	TRUE	TRUE	FALSE	TRUE		NC	INCLUDE			TRUE	TRUE
melroseurl27.json	https://www.cityofboston.gov/images_documents/Boston%20Hazard%20Mitigation%20Plan%202008_tcm3-31971.pdf	boston	2005	massachusetts	1	1	23347	114	BOSTON ANNEX March, 2008ACKNOWLEDGEMENTS AND CREDITS This plan was prepared for the City of Boston 	212	257	0	0	5	1	2	5	43.983	53.32	0	0	1.037	0.207	0.415	1.037	0	0	7	1	10	0	0	0	0	38.889	5.556	55.556	0	0	MELROSE	FALSE	FALSE	TRUE	TRUE	FALSE	TRUE	INCLUDE		INCLUDE		INCLUDE	TRUE	TRUE
melroseurl51.json	http://www.sxd.sala.ubc.ca/9_resources/BostonChallenge.pdf	boston	2008	massachusetts	1	1	10410	32	The Boston Regional Challenge Examining the Costs and Impacts of Housing and Transportation on Area	1	0	0	0	0	0	0	0	100	0	0	0	0	0	0	0	0	0	8	0	1	0	0	0	0	88.889	0	11.111	0	0	MELROSE	FALSE	FALSE	TRUE	TRUE	FALSE	TRUE	INCLUDE		INCLUDE		INCLUDE	TRUE	TRUE
melroseurl62.json	https://www.mass.gov/doc/2017-2018-mvp-planning-grant-report-melrose/download	melrose	2018	massachusetts	1	1	20058	112	Community Resilience Building Workshop: Summary of Findings Municipal Vulnerability Preparedness (M	47	68	18	7	1	0	15	4	29.375	42.5	11.25	4.375	0.625	0	9.375	2.5	75	3	9	0	7	3	0	77.32	3.093	9.278	0	7.216	3.093	0	MELROSE	FALSE	TRUE	TRUE	TRUE	FALSE	TRUE	NA	NA	NA	NA	NA	TRUE	TRUE
melroseurl6.json	https://www.mapc.org/wp-content/uploads/2023/04/Final_Stormwater-Report_MAPC_April-2023.pdf	boston	2010	massachusetts	1	1	11799	45	Water, Water, Everywhere: TThhee IInnccrreeaassiinngg TThhrreeaatt ooff SSttoorrmmwwaatteerr FFlloo	432	142	0	0	4	0	17	0	72.605	23.866	0	0	0.672	0	2.857	0	0	0	1	20	2	0	0	0	0	4.348	86.957	8.696	0	0	MELROSE	FALSE	FALSE	TRUE	TRUE	FALSE	TRUE	INCLUDE		INCLUDE		INCLUDE	TRUE	TRUE
miltonurl24.json	https://semspub.epa.gov/work/01/675764.pdf	milton	2023	massachusetts	1	1	8729	35	Reuse Assessment Report (FINAL) Lower Neponset River Superfund Site Boston and Milton, Massachusett	17	0	0	4	0	1	0	0	77.273	0	0	18.182	0	4.545	0	0	11	0	2	11	6	0	0	36.667	0	6.667	36.667	20	0	0	MILTON	FALSE	FALSE	TRUE	TRUE	FALSE	TRUE	NA	NC	INCLUDE		NA	TRUE	TRUE
miltonurl57.json	https://www.mass.gov/doc/milton-report/download	milton	2019	massachusetts	1	1	6736	49	TOWN OF MILTON MUNICIPAL VULNERABILITY PREPAREDNESS PROGRAM Community Resilience Building Workshop 	56	40	10	0	1	0	26	2	41.481	29.63	7.407	0	0.741	0	19.259	1.481	51	0	2	5	5	9	2	68.919	0	2.703	6.757	6.757	12.162	2.703	MILTON	FALSE	FALSE	TRUE	TRUE	FALSE	TRUE	NA	NA	NA	NA	NA	TRUE	TRUE
needhamurl1.json	https://www.mapc.org/wp-content/uploads/2020/04/Needham-draft-mvp-report.pdf	needham	2020	massachusetts	1	1	7984	43	DRAFT Town of Needham Community Res ilience Building Workshop Summary of Findings March 2020 Town o	43	48	10	7	0	8	11	4	32.824	36.641	7.634	5.344	0	6.107	8.397	3.053	21	0	7	0	20	1	0	42.857	0	14.286	0	40.816	2.041	0	NEEDHAM	FALSE	FALSE	TRUE	TRUE	FALSE	TRUE	NA	NC	INCLUDE	It's what we want!	NA	TRUE	TRUE
needhamurl24.json	https://npshistory.com/publications/boha/mb-v54a78-2024.pdf	boston	2020	massachusetts	1	1	13555	19	Marine Biodiversity (2024) 54:78 https://doi.org/10.1007/s12526-024-01462-4 ORIGINAL PAPER Historic	9	4	2	0	1	2	0	0	50	22.222	11.111	0	5.556	11.111	0	0	0	0	34	0	0	0	0	0	0	100	0	0	0	0	NEEDHAM	FALSE	FALSE	TRUE	TRUE	FALSE	TRUE	NA	NC	INCLUDE	Boston Harbor Islands?	NA	TRUE	TRUE
needhamurl57.json	https://www.mass.gov/doc/needham-report/download	needham	2020	massachusetts	1	1	8949	43	Town of Needham Community Res ilience Building Workshop Summary of Findings May 2020 Town of Needha	46	54	10	7	0	9	11	4	32.624	38.298	7.092	4.965	0	6.383	7.801	2.837	22	0	8	0	20	2	0	42.308	0	15.385	0	38.462	3.846	0	NEEDHAM	FALSE	FALSE	TRUE	TRUE	FALSE	TRUE	NA	NA	NA	NA	NA	TRUE	TRUE
newtonurl4.json	https://sustainability.mit.edu/sites/default/files/resources/2018-11/mit_climate_resiliency_rpt326.mar2018.pdf	cambridge	2017	massachusetts	1	1	9127	18	Report 326 March 2018 MIT Climate Resilience Planning: Flood Vulnerability Study Kenneth Strzepek, 	236	152	1	0	0	0	29	0	56.459	36.364	0.239	0	0	0	6.938	0	4	0	2	0	0	0	0	66.667	0	33.333	0	0	0	0	NEWTON	FALSE	TRUE	TRUE	TRUE	FALSE	TRUE	NA	NC	INCLUDE		NA	TRUE	TRUE
newtonurl74.json	https://www.mass.gov/doc/newton-report/download	newton	2018	massachusetts	1	1	4639	34	City of Newton Community Res ilience Building Workshop Summary of Findings December 2018 Selwyn Roa	48	39	16	0	1	0	6	0	43.636	35.455	14.545	0	0.909	0	5.455	0	20	0	1	0	9	2	0	62.5	0	3.125	0	28.125	6.25	0	NEWTON	FALSE	FALSE	TRUE	TRUE	FALSE	TRUE	NA	NA	NA	NA	NA	TRUE	TRUE
quincyurl1.json	https://cms7files1.revize.com/quincyma/Document%20Center/Residents/Multi-Hazard%20Mitigation%20Plan/HMPlan_Summary%202.27.19.pdf	quincy	2019	massachusetts	1	1	4159	8	QUINC Y H A Z A RD MITIGATION PL A N SUMM A RY Draft: February 2019 Hazard Mitigation Plan Executiv	96	36	1	0	0	0	6	1	68.571	25.714	0.714	0	0	0	4.286	0.714	5	0	2	0	4	0	0	45.455	0	18.182	0	36.364	0	0	QUINCY	FALSE	FALSE	TRUE	TRUE	FALSE	TRUE	NA	NC	INCLUDE		NA	TRUE	TRUE
quincyurl65.json	https://www.mass.gov/doc/quincy-report-part-1-of-5/download	quincy	2019	massachusetts	1	1	15728	38	CITY OF QUINCY MUNICIPAL VULNERABILITY PREPAREDNESS PROGRAM COMMUNITY RESILENCE BUILDING WORKSHOPS-	29	25	1	0	0	0	1	0	51.786	44.643	1.786	0	0	0	1.786	0	116	0	3	3	6	8	0	85.294	0	2.206	2.206	4.412	5.882	0	QUINCY	FALSE	FALSE	TRUE	TRUE	FALSE	TRUE	NA	NA	NA	NA	NA	TRUE	TRUE
revereurl2.json	https://www.mapc.org/wp-content/uploads/2022/07/Pocket-Parks_Revere-REPORT_072219_FINAL.pdf	revere	2012	massachusetts	1	1	11302	67	REVERE Pocket Park Site Suitability Analysis Prepared for The City of Revere Office of Strategic Pl	28	12	20	3	0	0	1	0	43.75	18.75	31.25	4.688	0	0	1.562	0	0	0	6	0	5	0	0	0	0	54.545	0	45.455	0	0	REVERE	FALSE	TRUE	TRUE	TRUE	FALSE	TRUE	INCLUDE		INCLUDE		INCLUDE	TRUE	TRUE
revereurl4.json	https://www.newea.org/wp-content/uploads/2021/06/NEWEASpr21_Session1_JDoyleBreen.pdf	revere	2020	massachusetts	1	1	1132	33	City of Revere Climate Adaptation Strategies in Northern Coastal Massachusetts NEWEA Spring Confere	19	8	0	0	0	0	2	0	65.517	27.586	0	0	0	0	6.897	0	1	0	0	0	0	0	0	100	0	0	0	0	0	0	REVERE	FALSE	TRUE	TRUE	TRUE	FALSE	TRUE	INCLUDE		INCLUDE		INCLUDE	TRUE	TRUE
revereurl5.json	https://www.epa.gov/system/files/documents/2024-05/r01-24-c-007.pdf	revere	2021	massachusetts	1	1	11278	21	Revere, MA Community Boating Center-Remediation, Resiliency, & Recreation -29 Thayer Ave Narrative 	31	12	0	6	1	6	12	0	45.588	17.647	0	8.824	1.471	8.824	17.647	0	2	0	9	0	13	0	2	7.692	0	34.615	0	50	0	7.692	REVERE	FALSE	TRUE	TRUE	TRUE	FALSE	TRUE	INCLUDE		INCLUDE		INCLUDE	TRUE	TRUE
saugusurl2.json	https://www.ediclynn.org/documents/Lynn%20Coastal%20Resiliency%20Assessment.pdf	lynn	2014	massachusetts	1	1	19230	58	westonandsampson.com ppprrrooo rppp eooo psss oaaa rtlll City of Lynn MASSACHUSETTS Economic Develo	319	124	1	0	1	10	3	0	69.651	27.074	0.218	0	0.218	2.183	0.655	0	7	0	2	0	5	0	0	50	0	14.286	0	35.714	0	0	SAUGUS	FALSE	FALSE	TRUE	TRUE	FALSE	TRUE	NA		INCLUDE		NA	TRUE	TRUE
saugusurl27.json	https://npshistory.com/publications/boha/nrr-2017-1404.pdf	boston	2011	massachusetts	1	1	55287	144	National Park Service U.S. Department of the Interior Natural Resource Stewardship and Science Bost	107	92	2	0	12	0	0	0	50.235	43.192	0.939	0	5.634	0	0	0	1	0	60	0	3	0	0	1.562	0	93.75	0	4.688	0	0	SAUGUS	FALSE	FALSE	TRUE	TRUE	FALSE	TRUE	NA		INCLUDE	Boston harbor islands	NA	TRUE	TRUE
saugusurl29.json	https://s3.amazonaws.com/somervillema-live/s3fs-public/Somerville_Zero_Waste_Plan_2023.pdf	somerville	2023	massachusetts	1	1	22655	59	City of Somerville Massachusetts Zero Waste Program PlanCity of Somerville, Massachusetts Zero Wast	1	1	0	32	0	1	0	2	2.703	2.703	0	86.486	0	2.703	0	5.405	5	0	3	4	32	0	0	11.364	0	6.818	9.091	72.727	0	0	SAUGUS	FALSE	TRUE	TRUE	TRUE	FALSE	TRUE	NA		INCLUDE		NA	TRUE	TRUE
somervilleurl10.json	https://sites.tufts.edu/richardvogel/files/2019/04/adaptingUrbanInfrastructure.pdf	somerville	2011	massachusetts	1	1	5316	11	Adapting Urban Infrastructure to Climate Change: A Drainage Case Study Paul Kirshen, M.ASCE1; Laure	54	70	0	3	0	0	2	0	41.86	54.264	0	2.326	0	0	1.55	0	3	0	1	0	0	0	0	75	0	25	0	0	0	0	SOMERVILLE	FALSE	TRUE	TRUE	TRUE	FALSE	TRUE	INCLUDE		INCLUDE		INCLUDE	TRUE	TRUE
somervilleurl2.json	https://www.boston.gov/sites/default/files/file/2021/10/FY21%20Boston%20Climate%20Action%20Report_2.pdf	boston	2019	massachusetts	1	1	13385	45	CLIMATE ACTION Fiscal Year 2021 ReportLETTER FROM THE CHIEF Dear neighbors, During a year of unprec	27	8	2	34	0	0	0	3	36.486	10.811	2.703	45.946	0	0	0	4.054	7	0	8	0	12	0	0	25.926	0	29.63	0	44.444	0	0	SOMERVILLE	FALSE	FALSE	TRUE	TRUE	FALSE	TRUE	INCLUDE		INCLUDE		INCLUDE	TRUE	TRUE
somervilleurl32.json	https://www.mass.gov/doc/somerville-climate-forward/download	somerville	2018	massachusetts	1	1	50186	150	CITY OF SOMERVILLE OFFICE OF SUSTAINIBILTY & ENVIRONMENT SOMERVILLE CLIMATE FORWARD MAYOR JOSEPH A.	196	222	51	104	5	16	9	0	32.504	36.816	8.458	17.247	0.829	2.653	1.493	0	13	0	21	4	40	0	1	16.456	0	26.582	5.063	50.633	0	1.266	SOMERVILLE	FALSE	TRUE	TRUE	TRUE	FALSE	TRUE	NA	NA	NA	NA	NA	TRUE	TRUE
walthamurl1.json	https://www.mapc.org/wp-content/uploads/2020/04/Newton-Climate-Vulnerability-and-Action-Plan-final.pdf	newton	2010	massachusetts	1	1	20615	72	City of Newton Climate Change Vulnerability Assessment and Action Plan December 2018 Prepared for C	288	146	60	20	11	0	15	2	53.137	26.937	11.07	3.69	2.03	0	2.768	0.369	8	0	10	0	12	1	0	25.806	0	32.258	0	38.71	3.226	0	WALTHAM	FALSE	FALSE	TRUE	TRUE	FALSE	TRUE	NA	NC	INCLUDE		NA	TRUE	TRUE
walthamurl42.json	https://www.boston.gov/sites/default/files/embed/f/final-2014-plan-update-approved-by-fema.pdf	boston	2014	massachusetts	1	1	82787	336	Final 2014 Plan Update Approved by FEMA January 8, 2016CITY OF BOSTON NATURAL HAZARD MITIGATION PLA	601	635	39	4	7	4	22	20	45.12	47.673	2.928	0.3	0.526	0.3	1.652	1.502	25	0	27	0	31	0	3	29.07	0	31.395	0	36.047	0	3.488	WALTHAM	FALSE	FALSE	TRUE	TRUE	FALSE	TRUE	NA	NC	INCLUDE		NA	TRUE	TRUE
walthamurl5.json	https://www.cambridgema.gov/-/media/Files/CDD/Climate/vulnerabilityassessment/ccvareportpart1/criticalassetsandcommunityresources/criticalassetsandcommunityresourcesnovember2015.pdf	cambridge	2012	massachusetts	1	1	19674	83	Critical Assets & Community Resources Climate Change Vulnerability Assessment November 2015 City of	68	88	2	9	0	10	15	0	35.417	45.833	1.042	4.688	0	5.208	7.812	0	0	0	11	1	1	0	0	0	0	84.615	7.692	7.692	0	0	WALTHAM	FALSE	TRUE	TRUE	TRUE	FALSE	TRUE	NA	NC	INCLUDE		NA	TRUE	TRUE
walthamurl73.json	https://www.abettercity.org/docs-new/resiliency%20report%20web%20FINAL.pdf	boston	2013	massachusetts	1	1	24461	82	Enhancing Resilience in Boston A Guide for Large Buildings and Institutions F e b r u a r y 2 0 1 5	433	153	14	5	88	6	3	1	61.593	21.764	1.991	0.711	12.518	0.853	0.427	0.142	5	0	35	2	2	2	0	10.87	0	76.087	4.348	4.348	4.348	0	WALTHAM	FALSE	FALSE	TRUE	TRUE	FALSE	TRUE	NA	NC	INCLUDE		NA	TRUE	TRUE
walthamurl82.json	https://www.city.waltham.ma.us/sites/g/files/vyhlif12301/f/uploads/waltham_hmp_-_mvp_plan_2019.pdf	waltham	2019	massachusetts	1	1	51797	231	CITY OF WALTHAM HAZARD MITIGATION PLAN and MUNICIPAL VULNERABILITY PREPAREDNESS PLAN 2019 Prepared 	476	573	20	4	1	3	140	59	37.304	44.906	1.567	0.313	0.078	0.235	10.972	4.624	110	0	18	2	50	14	2	56.122	0	9.184	1.02	25.51	7.143	1.02	WALTHAM	FALSE	FALSE	TRUE	TRUE	FALSE	TRUE	NA	NA	NA	NA	NA	TRUE	TRUE
watertownurl1.json	https://kladashboard-clientsourcefiles.s3.amazonaws.com/watertown/1.5_heat+mapping+assessment+and+report.pdf	watertown	2021	massachusetts	1	1	4522	29	55 Walkers Brook Drive, Suite 100, Reading, MA 01867 (HQ) Tel: 978.532.1900 M E M O R A N D U M Lau	6	8	58	3	0	0	18	0	6.452	8.602	62.366	3.226	0	0	19.355	0	0	0	2	0	0	0	0	0	0	100	0	0	0	0	WATERTOWN	FALSE	TRUE	TRUE	TRUE	FALSE	TRUE	INCLUDE		INCLUDE		INCLUDE	TRUE	TRUE
watertownurl3.json	https://s3-us-west-2.amazonaws.com/mysocialpinpoint/uploads/redactor_assets/documents/8950daccce8eb7b3b3218dd56d541ea2710f37a7fe390ace3647717be93a8950/74946/230216_WatertownOSRP_DRAFT_wAppendices.pdf	watertown	2022	massachusetts	1	1	50416	153	Watertown Open Space and Recreation Plan DRAFT February 16, 2023 Prepared by: Cover photos by Natal	32	75	11	0	0	2	5	1	25.397	59.524	8.73	0	0	1.587	3.968	0.794	15	0	86	8	28	0	0	10.949	0	62.774	5.839	20.438	0	0	WATERTOWN	FALSE	TRUE	TRUE	TRUE	FALSE	TRUE	INCLUDE		INCLUDE		INCLUDE	TRUE	TRUE
watertownurl39.json	https://www.mass.gov/doc/watertown-report/download	watertown	2019	massachusetts	1	1	9749	52	TOWN OF WATERTOWN MUNICIPAL VULNERABILITY PREPAREDNESS PROGRAM Community Resilience Building Worksh	63	82	26	0	7	0	33	4	29.302	38.14	12.093	0	3.256	0	15.349	1.86	42	0	10	7	5	9	0	57.534	0	13.699	9.589	6.849	12.329	0	WATERTOWN	FALSE	TRUE	TRUE	TRUE	FALSE	TRUE	NA	NA	NA	NA	NA	TRUE	TRUE
winthropurl13.json	https://www.massport.com/sites/default/files/2023-12/Runway27DraftEIRExecutiveSummary.pdf	boston	2021	massachusetts	1	1	4045	14	RUNWAY 27 END RSA IMPROVEMENTS PROJECT Boston Logan International Airport East Boston, Massachusett	4	10	1	3	0	0	0	0	22.222	55.556	5.556	16.667	0	0	0	0	0	0	5	0	2	0	0	0	0	71.429	0	28.571	0	0	WINTHROP	FALSE	FALSE	TRUE	TRUE	FALSE	TRUE	INCLUDE		INCLUDE		INCLUDE	TRUE	TRUE
