file_name	url	most_common_town	most_mentioned_year	ma_url	relevant	total_words	total_pages	flood_count	storm_count	heat_count	air_pollution_count	indoor_air_quality_count	chemical_hazards_count	extreme_precipitation_count	fire_count	flood_percent	storm_percent	heat_percent	air_pollution_percent	indoor_air_quality_percent	chemical_hazards_percent	extreme_precipitation_percent	fire_percent	workshop_count	mapping_count	focus_group_count	interview_count	survey_count	community_meeting_count	small_group_meeting_count	information_count	workshop_percent	mapping_percent	focus_group_percent	interview_percent	survey_percent	community_meeting_percent	small_group_meeting_percent	information_percent	town_name	towns_match
arlingtonurl42.json	https://dot.ca.gov/-/media/dot-media/programs/research-innovation-system-information/documents/final-reports/task_3725-a11y.pdf	Arlington	2019	0	1	19022	68	117	13	3	0	0	0	2	8	81.8	9.1	2.1	0	0	0	1.4	5.6	1	0	0	0	8	0	0	0	11.1	0	0	0	88.9	0	0	0	ARLINGTON	TRUE
arlingtonurl45.json	https://arlingtonlandtrust.org/wp-content/uploads/2020/01/2016_Fall_ALT_Newsletter_web.pdf	Arlington	2015	0	1	4852	8	10	10	1	0	0	1	4	0	38.5	38.5	3.8	0	0	3.8	15.4	0	1	0	0	0	1	0	0	0	50	0	0	0	50	0	0	0	ARLINGTON	TRUE
arlingtonurl59.json	https://www.pvpc.org/sites/default/files/doc-municipal-vulnerability-preparedness3856.pdf	Arlington	2019	0	1	7949	51	43	66	1	1	2	1	14	11	30.9	47.5	0.7	0.7	1.4	0.7	10.1	7.9	45	2	0	0	0	0	8	0	81.8	3.6	0	0	0	0	14.5	0	ARLINGTON	TRUE
arlingtonurl7.json	https://www.astho.org/globalassets/pdf/extreme-weather-and-climate-readiness-toolkit.pdf	Arlington	2012	0	1	32270	114	48	245	37	89	8	31	25	16	9.6	49.1	7.4	17.8	1.6	6.2	5	3.2	2	0	0	0	19	0	0	0	9.5	0	0	0	90.5	0	0	0	ARLINGTON	TRUE
belmonturl14.json	https://www.hinsdalemass.com/sites/g/files/vyhlif7501/f/news/hinsdale_mvp_report_2022_-_final.pdf	Belmont	2022	0	1	9713	71	76	24	4	0	0	1	8	1	66.7	21.1	3.5	0	0	0.9	7	0.9	33	1	0	0	15	3	0	0	63.5	1.9	0	0	28.8	5.8	0	0	BELMONT	TRUE
belmonturl2.json	https://www.springfield-ma.gov/dpw/fileadmin/images/Projects/X_Planning_Study/16740_EENF_Reconstruction_of_Sumner_Avenue_at_Dickinson_Street_and_Belmont_Avenue__The_X__Springfield.pdf	Belmont	2023	0	1	8721	24	2	25	5	10	4	3	0	0	4.1	51	10.2	20.4	8.2	6.1	0	0	0	0	0	0	0	1	0	0	0	0	0	0	0	100	0	0	BELMONT	TRUE
belmonturl61.json	https://brockton.ma.us/wp-content/uploads/2021/05/Executive-Summary_Brockton.pdf	Belmont	2020	1	1	2660	10	97	15	0	0	0	0	1	0	85.8	13.3	0	0	0	0	0.9	0	0	0	0	0	0	0	0	0	0	0	0	0	0	0	0	0	BELMONT	TRUE
bostonurl13.json	https://greenribboncommission.org/wp-content/uploads/2022/06/GBRAG_report_05312022@1915.pdf	Boston	2019	0	1	67639	142	912	353	53	39	0	2	37	4	65.1	25.2	3.8	2.8	0	0.1	2.6	0.3	0	0	0	0	14	0	4	0	0	0	0	0	77.8	0	22.2	0	BOSTON	TRUE
bostonurl14.json	https://www.massgeneral.org/assets/mgh/pdf/community-health/cchi/2022_chna_rreport.pdf	Boston	2020	1	1	21884	84	1	2	1	3	0	0	1	0	12.5	25	12.5	37.5	0	0	12.5	0	0	0	41	6	104	0	11	0	0	0	25.3	3.7	64.2	0	6.8	0	BOSTON	TRUE
bostonurl17.json	https://www.mapc.org/wp-content/uploads/2017/11/MAGIC-Climate-Resilience-Plan_VA-and-Strategies_112017.pdf	Boston	2016	1	1	47680	176	257	164	56	47	5	21	53	1	42.5	27.2	9.3	7.8	0.8	3.5	8.8	0.2	1	0	0	0	22	1	19	0	2.3	0	0	0	51.2	2.3	44.2	0	BOSTON	TRUE
bostonurl18.json	https://www.clf.org/wp-content/uploads/2019/02/CLF_Ch91ClimateReport_Final2.pdf	Boston	2016	0	1	22058	62	380	39	0	2	0	1	12	0	87.6	9	0	0.5	0	0.2	2.8	0	0	0	0	0	3	0	0	0	0	0	0	0	100	0	0	0	BOSTON	TRUE
bostonurl2.json	https://www.umb.edu/media/umassboston/editor-uploads/sustainable-solutions-lab/documents/Who-Counts-In-Climate-Resilience-Web.pdf	Boston	2021	0	1	6934	31	7	44	5	0	0	0	5	0	11.5	72.1	8.2	0	0	0	8.2	0	0	0	0	11	31	0	0	0	0	0	0	26.2	73.8	0	0	0	BOSTON	TRUE
bostonurl20.json	https://www.bostonfed.org/-/media/Documents/Workingpapers/PDF/2022/neppcrr2202.pdf	Boston	2022	0	1	5870	21	6	7	3	0	0	0	2	0	33.3	38.9	16.7	0	0	0	11.1	0	0	0	0	0	0	0	0	0	0	0	0	0	0	0	0	0	BOSTON	TRUE
bostonurl21.json	https://www.bu.edu/igs/files/2023/09/DSI-2023-Final-CCBUMC-Annotated.pdf	Boston	2023	0	1	5201	14	30	20	6	7	3	1	2	0	43.5	29	8.7	10.1	4.3	1.4	2.9	0	0	0	0	0	3	0	0	0	0	0	0	0	100	0	0	0	BOSTON	TRUE
bostonurl22.json	https://www.bostonharbornow.org/wp-content/uploads/2017/12/FOR-RELEASE-Bostons-Working-Port-A-Foundation-for-Innovation-v1-24.pdf	Boston	2017	0	1	19178	43	300	139	0	0	11	24	0	2	63	29.2	0	0	2.3	5	0	0.4	0	0	0	8	0	0	0	0	0	0	0	100	0	0	0	0	BOSTON	TRUE
bostonurl23.json	https://www.nature.org/content/dam/tnc/nature/en/documents/Report-MA-Equitable-Sustainable-Climate-Funding.pdf	Boston	2021	0	1	10261	23	3	6	1	0	0	0	0	0	30	60	10	0	0	0	0	0	0	0	0	0	13	0	2	0	0	0	0	0	86.7	0	13.3	0	BOSTON	TRUE
bostonurl24.json	https://www.bwsc.org/sites/default/files/2023-02/BWSC%20Coastal%20Stormwater%20Discharge%20Analysis%20-%20Final%20Report.pdf	Boston	2023	0	1	46170	196	728	710	0	0	4	3	28	0	49.4	48.2	0	0	0.3	0.2	1.9	0	0	0	0	0	8	0	0	0	0	0	0	0	100	0	0	0	BOSTON	TRUE
bostonurl26.json	https://noharm-uscanada.org/sites/default/files/documents-files/6804/Metro%20Boston%20Health%20Care%20Energy%20Analytics%202011-2019_2.pdf	Boston	2011	0	1	2631	9	0	4	0	20	1	0	0	0	0	16	0	80	4	0	0	0	0	0	0	0	0	0	3	0	0	0	0	0	0	0	100	0	BOSTON	TRUE
bostonurl27.json	http://www.mapc.org/wp-content/uploads/2019/03/Brookline-final-plan.pdf	Boston	2010	1	1	19792	73	285	137	79	21	10	3	18	3	51.3	24.6	14.2	3.8	1.8	0.5	3.2	0.5	0	0	0	0	1	1	4	0	0	0	0	0	16.7	16.7	66.7	0	BOSTON	TRUE
bostonurl28.json	https://www.massaudubon.org/content/download/21633/file/mass-audubon_state-of-the-birds-2017-report.pdf	Boston	2015	1	1	23039	52	69	40	7	0	0	5	4	2	54.3	31.5	5.5	0	0	3.9	3.1	1.6	0	0	0	0	6	0	1	0	0	0	0	0	85.7	0	14.3	0	BOSTON	TRUE
bostonurl31.json	https://d279m997dpfwgl.cloudfront.net/wp/2021/06/MBTA-Orient-Heights-report-draft-Rev8-11x17.pdf	Boston	2015	0	1	4529	16	91	58	3	0	2	1	2	0	58	36.9	1.9	0	1.3	0.6	1.3	0	0	0	0	1	0	0	0	0	0	0	0	100	0	0	0	0	BOSTON	TRUE
bostonurl32.json	https://convergestrategies.com/wp-content/uploads/2024/02/CleanEnergyandResiliencyCLEARforBrighamandWomensHospital_November2021.pdf	Boston	2021	0	1	8027	23	2	15	3	0	1	0	0	2	8.7	65.2	13	0	4.3	0	0	8.7	0	0	0	0	0	0	0	0	0	0	0	0	0	0	0	0	BOSTON	TRUE
bostonurl33.json	https://cms7files1.revize.com/quincyma/Document%20Center/Residents/Multi-Hazard%20Mitigation%20Plan/Quincy%20HMP%205-Year%20Update%20Volume%202%20-%20Adopted%204-2-2019.pdf	Boston	2013	0	1	34611	183	407	156	32	35	5	7	20	5	61	23.4	4.8	5.2	0.7	1	3	0.7	3	0	0	0	27	5	13	0	6.2	0	0	0	56.2	10.4	27.1	0	BOSTON	TRUE
bostonurl34.json	https://www.mma.org/wp-content/uploads/2020/02/AM20_Climate_Mansfield.pdf	Boston	2018	0	1	1533	29	12	11	1	1	0	0	4	1	40	36.7	3.3	3.3	0	0	13.3	3.3	0	0	0	0	0	0	0	0	0	0	0	0	0	0	0	0	BOSTON	TRUE
bostonurl35.json	https://ltsscenter.org/reports/The_Impact_of_Climate_Change_Why_Older_Adults_are_Vulnerable.pdf	Boston	2018	0	1	6600	20	4	38	12	3	0	0	4	2	6.3	60.3	19	4.8	0	0	6.3	3.2	0	0	0	0	6	0	0	0	0	0	0	0	100	0	0	0	BOSTON	TRUE
bostonurl36.json	https://massland.org/sites/default/files/files/climate_and_environmental_policy_briefing_book_2022.pdf	Boston	2020	0	1	27348	68	42	46	6	30	4	31	25	13	21.3	23.4	3	15.2	2	15.7	12.7	6.6	0	0	0	0	1	0	2	0	0	0	0	0	33.3	0	66.7	0	BOSTON	TRUE
bostonurl37.json	https://research.fit.edu/media/site-specific/researchfitedu/coast-climate-adaptation-library/united-states/east-coast/new-england/Hamin-et-al.-2014.-Adaptation-Barriers-In-Coastal-Massachusetts.pdf	Boston	2010	0	1	9714	14	0	3	0	1	0	0	0	0	0	75	0	25	0	0	0	0	1	0	0	0	5	0	2	0	12.5	0	0	0	62.5	0	25	0	BOSTON	TRUE
bostonurl4.json	https://www.umb.edu/media/umassboston/content-assets/documents/Report-Learning-From-MVP-Greater-Boston-2022-05-24.pdf	Boston	2021	0	1	23026	54	66	32	10	10	0	0	4	0	54.1	26.2	8.2	8.2	0	0	3.3	0	64	0	0	4	2	5	3	0	82.1	0	0	5.1	2.6	6.4	3.8	0	BOSTON	TRUE
bostonurl41.json	https://www.lincolninst.edu/app/uploads/legacy-files/pubfiles/2019_inquiry_mystic_river_climate_equity_rappaport.pdf	Boston	2019	0	1	9348	28	55	43	5	2	1	2	7	1	47.4	37.1	4.3	1.7	0.9	1.7	6	0.9	4	0	0	0	0	3	0	0	57.1	0	0	0	0	42.9	0	0	BOSTON	TRUE
bostonurl42.json	https://www.sec.gov/comments/climate-disclosure/cll12-8915187-244762.pdf	Boston	2019	0	1	28066	62	39	25	4	1	0	1	11	5	45.3	29.1	4.7	1.2	0	1.2	12.8	5.8	3	0	0	1	9	3	1	0	17.6	0	0	5.9	52.9	17.6	5.9	0	BOSTON	TRUE
bostonurl45.json	https://www.geo.umass.edu/faculty/yu/2017ChengLUP.pdf	Boston	2016	0	1	4034	12	69	36	0	8	0	0	4	0	59	30.8	0	6.8	0	0	3.4	0	0	0	0	0	2	0	0	0	0	0	0	0	100	0	0	0	BOSTON	TRUE
bostonurl46.json	https://www.rilegislature.gov/Special/comdoc/House%20Environment%20and%20Natural%20Resources%202024/03-21-2024--H7731--Curt%20Spalding.pdf	Boston	2023	0	1	1416	3	6	11	0	0	0	0	3	1	28.6	52.4	0	0	0	0	14.3	4.8	2	0	0	0	0	1	0	0	66.7	0	0	0	0	33.3	0	0	BOSTON	TRUE
bostonurl53.json	https://www.umassmed.edu/globalassets/growing-green/files/umass_chan_final-withcover-2021-09-22-singlepages.pdf	Boston	2020	0	1	11600	40	0	6	0	35	3	0	0	2	0	13	0	76.1	6.5	0	0	4.3	0	0	0	0	5	0	0	0	0	0	0	0	100	0	0	0	BOSTON	TRUE
bostonurl55.json	https://sustainablebuildingsinitiative.org/assets/images/FINAL%20Climate%20Resilience%20Template%20for%20Buildings%2003.07.19.pdf	Boston	2018	0	1	9891	32	123	50	22	1	5	0	8	0	58.9	23.9	10.5	0.5	2.4	0	3.8	0	0	0	0	0	0	0	0	0	0	0	0	0	0	0	0	0	BOSTON	TRUE
bostonurl56.json	https://capstone.extension.harvard.edu/files/capstone/files/capstonefinal_samanthajalbert.pdf	Boston	2020	0	1	11927	44	104	31	2	0	0	0	0	0	75.9	22.6	1.5	0	0	0	0	0	0	0	0	0	1	0	1	0	0	0	0	0	50	0	50	0	BOSTON	TRUE
bostonurl57.json	https://pauldavidoff.com/wp-content/uploads/2022/11/UPCD_2022_CoolRoxburyReport_Final.2.pdf	Boston	2022	0	1	10354	42	0	6	104	0	1	0	0	0	0	5.4	93.7	0	0.9	0	0	0	2	2	0	5	27	0	0	0	5.6	5.6	0	13.9	75	0	0	0	BOSTON	TRUE
bostonurl62.json	https://www.cityofnewburyport.com/sites/g/files/vyhlif12211/f/pages/bars_guide_newburyport_english_09.24.2018.pdf	Boston	2018	0	1	2438	7	57	21	4	0	0	0	3	0	67.1	24.7	4.7	0	0	0	3.5	0	0	0	0	0	0	0	0	0	0	0	0	0	0	0	0	0	BOSTON	TRUE
bostonurl65.json	https://www.fdic.gov/news/board-matters/2023/2023-10-24-notice-dis-b-fr.pdf	Boston	2023	0	1	7280	7	5	3	0	0	0	0	0	2	50	30	0	0	0	0	0	20	0	0	0	0	0	0	0	0	0	0	0	0	0	0	0	0	BOSTON	TRUE
bostonurl67.json	https://www.fema.gov/sites/default/files/documents/fema_PDMC-PJ-01-MA-2018-008-Boston-Fort-Point-Draft-EA_112021.pdf	Boston	2021	0	1	32529	99	542	53	1	11	1	34	7	0	83.5	8.2	0.2	1.7	0.2	5.2	1.1	0	0	0	0	0	5	2	0	0	0	0	0	0	71.4	28.6	0	0	BOSTON	TRUE
bostonurl68.json	https://forestadaptation.org/sites/default/files/2022-09/Boston_UrbanTreeSpecies_ClimateCarbon%26Health.pdf	Boston	2019	0	1	2710	10	3	1	1	4	0	4	2	0	20	6.7	6.7	26.7	0	26.7	13.3	0	0	0	0	0	0	0	0	0	0	0	0	0	0	0	0	0	BOSTON	TRUE
bostonurl69.json	https://climate-vulnerability.mapc.org/assets/data/MAPC_ClimateVulnerability_Technical-Documentation_2019-12-10.pdf	Boston	2015	1	1	4027	11	115	22	17	0	1	0	7	0	71	13.6	10.5	0	0.6	0	4.3	0	0	0	0	0	1	0	0	0	0	0	0	0	100	0	0	0	BOSTON	TRUE
bostonurl7.json	https://www.childrenshospital.org/sites/default/files/2024-03/hospital-climate-resilience-plan.pdf	Boston	2023	0	1	5409	20	15	35	9	0	1	0	1	1	24.2	56.5	14.5	0	1.6	0	1.6	1.6	0	0	0	0	0	0	0	0	0	0	0	0	0	0	0	0	BOSTON	TRUE
bostonurl70.json	https://ntrs.nasa.gov/api/citations/20205011374/downloads/2020Fall_MA_CharlesRiverWatershedWater_ProjectSummary_FD-final.docx.pdf	Boston	2020	0	1	1479	5	54	1	0	0	0	0	3	0	93.1	1.7	0	0	0	0	5.2	0	0	0	0	0	3	0	0	0	0	0	0	0	100	0	0	0	BOSTON	TRUE
bostonurl72.json	https://cssh.northeastern.edu/bari/wp-content/uploads/sites/30/2021/09/BARI_Mayor-White-Paper-Energy13068.pdf	Boston	2019	0	1	3806	7	1	1	1	0	0	0	1	0	25	25	25	0	0	0	25	0	0	0	0	0	0	0	0	0	0	0	0	0	0	0	0	0	BOSTON	TRUE
bostonurl74.json	https://climate-xchange.org/wp-content/uploads/2018/08/Investing-in-a-Better-Massachusetts-Conversations-with-Frontline-Organizations-on-Connecting-Climate-and-Community-Priorities_website.pdf	Boston	2020	0	1	17865	54	2	4	0	14	4	1	0	0	8	16	0	56	16	4	0	0	0	0	0	21	14	0	0	0	0	0	0	60	40	0	0	0	BOSTON	TRUE
bostonurl75.json	https://www.bluecrossma.org/sites/g/files/csphws1866/files/acquiadam-assets/2022-Citizenship-Report-BCBSMA.pdf	Boston	2022	0	1	6441	39	0	1	0	0	0	0	0	0	0	100	0	0	0	0	0	0	2	0	0	0	0	0	1	0	66.7	0	0	0	0	0	33.3	0	BOSTON	TRUE
bostonurl78.json	https://eeaonline.eea.state.ma.us/EEA/emepa/mepadocs/2020/122320em/sc/enf/16277%20ENF%20Dorchester%20Bay%20City%20with%20comments.pdf	Boston	2020	1	1	61614	152	214	167	1	60	35	3	7	3	43.7	34.1	0.2	12.2	7.1	0.6	1.4	0.6	2	0	0	0	10	0	4	0	12.5	0	0	0	62.5	0	25	0	BOSTON	TRUE
bostonurl8.json	https://resilient.mass.gov/mvp/cms_content/guidelines/20210330Section4ClimateResilienceDesignGuidelinesFinal.pdf	Boston	2017	1	1	4910	16	36	8	1	0	0	0	1	0	78.3	17.4	2.2	0	0	0	2.2	0	0	0	0	0	0	0	0	0	0	0	0	0	0	0	0	0	BOSTON	TRUE
bostonurl84.json	https://www.ctps.org/data/transreport/pdf/trpt1115.pdf	Boston	2015	0	1	3173	6	2	1	0	0	0	0	0	0	66.7	33.3	0	0	0	0	0	0	2	0	0	0	0	4	0	0	33.3	0	0	0	0	66.7	0	0	BOSTON	TRUE
bostonurl85.json	https://acgl.community.uaf.edu/wp-content/uploads/sites/618/2021/08/MaioCV_8_11_2021.pdf	Boston	2018	0	1	7264	22	11	45	0	0	0	0	0	0	19.6	80.4	0	0	0	0	0	0	4	0	0	0	3	2	0	0	44.4	0	0	0	33.3	22.2	0	0	BOSTON	TRUE
bostonurl86.json	http://ctps.org/data/images/Pages/lrtp-dev/LRTP_Memo_NA_Recommendations_11.16.pdf	Boston	2018	0	1	16573	51	5	5	0	22	3	6	1	0	11.9	11.9	0	52.4	7.1	14.3	2.4	0	0	0	0	0	1	0	0	0	0	0	0	0	100	0	0	0	BOSTON	TRUE
bostonurl87.json	https://www.sierraclub.org/sites/www.sierraclub.org/files/2023-06/202306-June-Newsletter.pdf	Boston	2023	0	1	2085	6	0	1	0	0	0	1	0	0	0	50	0	0	0	50	0	0	0	0	0	0	0	0	0	0	0	0	0	0	0	0	0	0	BOSTON	TRUE
burlingtonurl14.json	https://vem.vermont.gov/sites/demhs/files/documents/2018SHMP-VermontProfileHazardAssessment.pdf	Burlington	2016	0	1	6758	16	115	60	6	1	0	0	26	13	52	27.1	2.7	0.5	0	0	11.8	5.9	0	0	0	0	1	0	0	0	0	0	0	0	100	0	0	0	BURLINGTON	TRUE
burlingtonurl15.json	http://www.delancotownship.com/filestorage/7185/7191/14736/Green_Delanco_-_03-02-2023.pdf	Burlington	2021	0	1	871	7	22	6	0	2	0	0	0	0	73.3	20	0	6.7	0	0	0	0	0	0	0	0	0	0	0	0	0	0	0	0	0	0	0	0	BURLINGTON	TRUE
burlingtonurl20.json	https://neep.org/sites/default/files/resources/Green%20Zoning%20Report_Final_0.pdf	Burlington	2019	0	1	8547	28	0	33	1	7	2	5	0	0	0	68.8	2.1	14.6	4.2	10.4	0	0	0	0	0	0	0	0	0	0	0	0	0	0	0	0	0	0	BURLINGTON	TRUE
burlingtonurl34.json	https://report.firststreet.org/6th-National-Risk-Assessment-Hazardous-Heat.pdf	Burlington	2023	0	1	37158	121	1	4	518	0	0	0	0	1	0.2	0.8	98.9	0	0	0	0	0.2	0	0	0	0	3	0	0	0	0	0	0	0	100	0	0	0	BURLINGTON	TRUE
burlingtonurl47.json	https://repository.library.noaa.gov/view/noaa/31252/noaa_31252_DS1.pdf	Burlington	2017	0	1	3717	6	0	1	1	0	0	0	1	2	0	20	20	0	0	0	20	40	5	0	0	6	0	0	0	0	45.5	0	0	54.5	0	0	0	0	BURLINGTON	TRUE
burlingtonurl68.json	https://www.massport.com/sites/default/files/2023-10/5494-8696-hanscom-espr-scope-certificate.pdf	Burlington	2022	1	1	14700	47	2	8	1	27	1	4	0	2	4.4	17.8	2.2	60	2.2	8.9	0	4.4	1	0	0	2	3	0	0	0	16.7	0	0	33.3	50	0	0	0	BURLINGTON	TRUE
cambridgeurl11.json	https://globalchange.mit.edu/sites/default/files/MITJPSPGC_Rpt358.pdf	Cambridge	2018	0	1	5245	9	27	13	3	0	0	0	1	0	61.4	29.5	6.8	0	0	0	2.3	0	0	0	0	0	0	0	0	0	0	0	0	0	0	0	0	0	CAMBRIDGE	TRUE
cambridgeurl14.json	https://water.ca.gov/-/media/DWR-Website/Web-Pages/Programs/All-Programs/Climate-Change-Program/Climate-Action-Plan/Files/CAP-III-Decision-Scaling-Vulnerability-Assessment.pdf	Cambridge	2014	0	1	29041	107	36	2	2	0	0	3	66	0	33	1.8	1.8	0	0	2.8	60.6	0	0	0	0	0	4	0	3	0	0	0	0	0	57.1	0	42.9	0	CAMBRIDGE	TRUE
cambridgeurl23.json	https://necasc.umass.edu/sites/default/files/2021-11/Staudinger%20et%20al.%202015%20Integrating%20Climate%20Change%20into%20NE%20and%20MW%20SWAPs_0.pdf	Cambridge	2013	0	1	58350	205	101	146	12	1	0	1	61	2	31.2	45.1	3.7	0.3	0	0.3	18.8	0.6	14	0	0	0	8	0	15	0	37.8	0	0	0	21.6	0	40.5	0	CAMBRIDGE	TRUE
cambridgeurl24.json	https://circa.uconn.edu/wp-content/uploads/sites/1618/2019/08/CTPCSAR-Aug2019.pdf	Cambridge	2013	0	1	25929	74	32	109	16	4	0	8	51	1	14.5	49.3	7.2	1.8	0	3.6	23.1	0.5	1	0	0	0	1	0	4	0	16.7	0	0	0	16.7	0	66.7	0	CAMBRIDGE	TRUE
cambridgeurl31.json	https://www.nber.org/system/files/working_papers/w28472/revisions/w28472.rev0.pdf	Cambridge	2018	0	1	27508	77	2	7	5	3	0	0	4	0	9.5	33.3	23.8	14.3	0	0	19	0	0	0	0	0	1	3	3	0	0	0	0	0	14.3	42.9	42.9	0	CAMBRIDGE	TRUE
cambridgeurl35.json	https://www.apa.org/science/about/publications/climate-crisis-action-plan.pdf	Cambridge	2021	0	1	24828	52	2	10	1	2	0	2	3	3	8.7	43.5	4.3	8.7	0	8.7	13	13	3	0	0	0	3	0	2	0	37.5	0	0	0	37.5	0	25	0	CAMBRIDGE	TRUE
cambridgeurl37.json	https://repository.library.noaa.gov/view/noaa/55803/noaa_55803_DS1.pdf	Cambridge	2022	0	1	5528	16	0	2	0	0	0	0	0	0	0	100	0	0	0	0	0	0	0	0	0	0	31	0	1	0	0	0	0	0	96.9	0	3.1	0	CAMBRIDGE	TRUE
cambridgeurl53.json	https://energy.mit.edu/wp-content/uploads/2018/09/The-Future-of-Nuclear-Energy-in-a-Carbon-Constrained-World.pdf	Cambridge	2017	0	1	122066	275	5	97	62	12	3	68	0	21	1.9	36.2	23.1	4.5	1.1	25.4	0	7.8	15	0	0	16	13	12	3	0	25.4	0	0	27.1	22	20.3	5.1	0	CAMBRIDGE	TRUE
cambridgeurl54.json	https://ceepr.mit.edu/wp-content/uploads/2023/06/MIT-CEEPR-WP-2023-11.pdf	Cambridge	2022	0	1	4691	17	0	7	0	7	0	0	0	2	0	43.8	0	43.8	0	0	0	12.5	0	0	0	0	1	0	0	0	0	0	0	0	100	0	0	0	CAMBRIDGE	TRUE
cambridgeurl6.json	https://www.cakex.org/sites/default/files/documents/Urban_Adaptation_Report_23May2012.pdf	Cambridge	2011	0	1	10475	33	10	14	3	0	0	0	5	0	31.2	43.8	9.4	0	0	0	15.6	0	0	0	0	0	42	0	1	0	0	0	0	0	97.7	0	2.3	0	CAMBRIDGE	TRUE
chelseaurl1.json	https://www.mass.gov/files/documents/2022/03/29/building-resilience-in-massachusetts-designated-port-areas.pdf	Chelsea	2020	1	1	29347	152	997	173	2	0	0	9	104	0	77.6	13.5	0.2	0	0	0.7	8.1	0	0	0	0	0	0	0	0	0	0	0	0	0	0	0	0	0	CHELSEA	TRUE
chelseaurl13.json	https://www.epa.gov/system/files/documents/2024-03/massachusetts-pcap.pdf	Chelsea	2023	0	1	37551	147	14	65	1	236	9	18	3	52	3.5	16.3	0.3	59.3	2.3	4.5	0.8	13.1	0	0	0	0	3	1	19	0	0	0	0	0	13	4.3	82.6	0	CHELSEA	TRUE
chelseaurl2.json	https://cms5.revize.com/revize/chelseama/Document_Center/Departments/Housing%20&%20Community%20Development/Environment%20and%20Climate%20Resilience/Eastern%20Avenue%20Climate%20Resilience%20Vision%202023.pdf	Chelsea	2021	0	1	4762	29	73	22	3	1	0	0	0	0	73.7	22.2	3	1	0	0	0	0	1	0	0	0	0	0	0	0	100	0	0	0	0	0	0	0	CHELSEA	TRUE
chelseaurl3.json	https://www.mass.gov/files/documents/2018/10/19/2017-2018-mvp-planning-grant-report-chelsea.pdf	Chelsea	2018	1	1	6009	39	87	51	18	4	2	1	5	0	51.8	30.4	10.7	2.4	1.2	0.6	3	0	34	0	0	0	4	0	0	0	89.5	0	0	0	10.5	0	0	0	CHELSEA	TRUE
chelseaurl4.json	https://cms5.revize.com/revize/chelseama/Document_Center/Archive/Planning%20Studies%20and%20Reports/20170215_chelsea_va.pdf	Chelsea	2016	0	1	27495	146	463	108	0	0	1	4	26	0	76.9	17.9	0	0	0.2	0.7	4.3	0	0	0	0	0	1	1	1	0	0	0	0	0	33.3	33.3	33.3	0	CHELSEA	TRUE
chelseaurl42.json	https://www.njit.edu/tab/sites/njit.edu.tab/files/Chelsea-MA%20CWA.pdf	Chelsea	2024	0	1	8490	14	25	10	1	6	2	2	1	1	52.1	20.8	2.1	12.5	4.2	4.2	2.1	2.1	0	0	0	0	0	0	0	0	0	0	0	0	0	0	0	0	CHELSEA	TRUE
chelseaurl58.json	http://ww2.arb.ca.gov/sites/default/files/classic/CATPHWG-Extreme-Heat-Meeting-Resources-20240529.pdf	Chelsea	2022	0	1	409	2	0	0	11	0	0	0	0	0	0	0	100	0	0	0	0	0	0	0	0	0	0	0	0	0	0	0	0	0	0	0	0	0	CHELSEA	TRUE
chelseaurl80.json	https://www.sandiegocounty.gov/content/dam/sdc/lueg/regional-decarb-frameworkfiles/RDF_Summary_for_Policy_Makers_FINAL_2022.pdf	Chelsea	2021	0	1	11132	36	0	32	0	55	1	0	0	4	0	34.8	0	59.8	1.1	0	0	4.3	1	0	0	0	0	0	1	0	50	0	0	0	0	0	50	0	CHELSEA	TRUE
everetturl1.json	https://cityofeverett.com/wp-content/uploads/2021/10/Everett-HMP-2021-Update_draft-07-22-2021-lr.pdf	Everett	2021	0	1	45839	306	528	369	48	1	2	4	57	13	51.7	36.1	4.7	0.1	0.2	0.4	5.6	1.3	32	0	0	0	42	0	52	0	25.4	0	0	0	33.3	0	41.3	0	EVERETT	TRUE
everetturl9.json	https://eeaonline.eea.state.ma.us/EEA/emepa/mepacerts/2020/sc/enf/16260%20FINAL%20BMT%20Culvert%20Segment%20Replacement%20SKT%20signed.pdf	Everett	2020	1	1	4838	16	24	35	4	5	1	2	0	0	33.8	49.3	5.6	7	1.4	2.8	0	0	1	0	0	0	0	0	0	0	100	0	0	0	0	0	0	0	EVERETT	TRUE
lexingtonurl1.json	https://www.mass.gov/files/documents/2019/07/11/Lexington%20Report.pdf	Lexington	2019	1	1	20340	79	82	119	5	0	0	10	23	7	33.3	48.4	2	0	0	4.1	9.3	2.8	71	1	0	0	4	4	4	0	84.5	1.2	0	0	4.8	4.8	4.8	0	LEXINGTON	TRUE
lexingtonurl25.json	https://ma-eeac.org/wp-content/uploads/Maggie-Peard-Mass-Save-3YP-Public-Comment.pdf	Lexington	(None, None)	0	1	493	2	0	0	0	0	0	0	0	0	0	0	0	0	0	0	0	0	0	0	0	0	0	0	0	0	0	0	0	0	0	0	0	0	LEXINGTON	TRUE
lexingtonurl3.json	https://www.maine.gov/future/sites/maine.gov.future/files/inline-files/ERG_MCC_AssessingImpactsClimateChangeMaine_Summary_11.25.20.pdf	Lexington	2020	1	1	13283	35	148	14	15	9	2	3	9	3	72.9	6.9	7.4	4.4	1	1.5	4.4	1.5	0	0	0	0	0	0	3	0	0	0	0	0	0	0	100	0	LEXINGTON	TRUE
lexingtonurl55.json	https://eeaonline.eea.state.ma.us/EEA/emepa/mepacerts/2020/sc/eir/FINAL%2016097%20NPC%20DEIR%20Waltham%20High%20School%20WALTHAM%20SKT%20signed%20wo%20comments.pdf	Lexington	2020	1	1	11248	22	9	27	1	32	7	0	2	1	11.4	34.2	1.3	40.5	8.9	0	2.5	1.3	0	0	0	0	5	1	0	0	0	0	0	0	83.3	16.7	0	0	LEXINGTON	TRUE
lexingtonurl60.json	https://coast.noaa.gov/data/digitalcoast/pdf/coastal-resource-management-survey.pdf	Lexington	2013	0	1	28784	101	125	41	0	0	0	1	4	1	72.7	23.8	0	0	0	0.6	2.3	0.6	9	6	0	0	164	16	3	0	4.5	3	0	0	82.8	8.1	1.5	0	LEXINGTON	TRUE
maldenurl2.json	https://www.epa.gov/system/files/documents/2022-06/epa-sur-mass-ecan-june-2022.pdf	Malden	2021	0	1	1659	48	4	0	0	0	0	0	2	0	66.7	0	0	0	0	0	33.3	0	0	0	0	0	0	0	3	0	0	0	0	0	0	0	100	0	MALDEN	TRUE
maldenurl28.json	https://www.interfire.org/res_file/pdf/Tr-110.pdf	Malden	1995	0	1	9001	46	2	22	0	0	1	2	0	15	4.8	52.4	0	0	2.4	4.8	0	35.7	0	0	0	0	1	0	0	0	0	0	0	0	100	0	0	0	MALDEN	TRUE
maldenurl6.json	https://apps.fs.usda.gov/nicportal/temppdf/sfs/naweb/ma_std.pdf	Malden	2024	0	1	1297	3	0	0	0	0	0	0	0	4	0	0	0	0	0	0	0	100	0	0	0	0	0	0	1	0	0	0	0	0	0	0	100	0	MALDEN	TRUE
medfordurl16.json	https://www.synapse-energy.com/sites/default/files/resume-stanton.pdf	Medford	2013	0	1	3996	11	0	0	0	1	0	0	0	1	0	0	0	50	0	0	0	50	0	0	0	0	0	1	1	0	0	0	0	0	0	50	50	0	MEDFORD	TRUE
medfordurl21.json	https://sites.tufts.edu/tier/files/2021/06/2015_MHFE2finalReport.pdf	Medford	2013	0	1	113666	219	0	5	0	0	0	0	0	0	0	100	0	0	0	0	0	0	0	0	0	60	3	0	1	0	0	0	0	93.8	4.7	0	1.6	0	MEDFORD	TRUE
melroseurl16.json	https://www.fisheries.noaa.gov/s3/2023-11/NERAP-Nov2023.pdf	Melrose	2019	0	1	17414	44	17	14	1	0	0	0	0	0	53.1	43.8	3.1	0	0	0	0	0	6	0	0	0	58	0	3	0	9	0	0	0	86.6	0	4.5	0	MELROSE	TRUE
readingurl23.json	https://ag.ny.gov/sites/default/files/2024-02/osha-multistate-petition.pdf	reading	2023	0	1	12281	33	0	3	130	2	3	2	4	4	0	2	87.8	1.4	2	1.4	2.7	2.7	0	0	0	0	2	0	0	0	0	0	0	0	100	0	0	0	READING	TRUE
readingurl46.json	https://www.fs.usda.gov/nrs/pubs/jrnl/2024/nrs_2024_nislow_001.pdf	reading	2016	0	1	5982	24	154	12	0	0	0	5	18	0	81.5	6.3	0	0	0	2.6	9.5	0	0	0	0	0	2	0	0	0	0	0	0	0	100	0	0	0	READING	TRUE
readingurl6.json	https://www.maine.gov/future/sites/maine.gov.future/files/inline-files/Summary_MunicipalClimateResilienceActivitiesReadinessInterviews_Nov.pdf	reading	2020	1	1	9264	23	24	13	0	0	0	2	2	4	53.3	28.9	0	0	0	4.4	4.4	8.9	0	0	0	7	1	0	0	0	0	0	0	87.5	12.5	0	0	0	READING	TRUE
revereurl19.json	http://www.rimed.org/rimedicaljournal/2021/11/2021-11-14-climate-webb.pdf	Revere	2021	0	1	4157	6	36	53	4	0	0	0	1	2	37.5	55.2	4.2	0	0	0	1	2.1	0	0	0	0	0	0	0	0	0	0	0	0	0	0	0	0	REVERE	TRUE
revereurl2.json	https://www.mapc.org/wp-content/uploads/2022/07/Pocket-Parks_Revere-REPORT_072219_FINAL.pdf	Revere	2012	1	1	11302	67	30	12	20	3	0	1	1	0	44.8	17.9	29.9	4.5	0	1.5	1.5	0	0	0	0	0	3	4	0	0	0	0	0	0	42.9	57.1	0	0	REVERE	TRUE
revereurl27.json	https://acjv.org/documents/MA_SALS_comp_guidance_doc.pdf	Revere	2023	0	1	7845	38	6	14	0	0	0	0	0	0	30	70	0	0	0	0	0	0	0	0	0	0	2	0	1	0	0	0	0	0	66.7	0	33.3	0	REVERE	TRUE
revereurl32.json	https://www3.epa.gov/region1/npdes/chelseacreekfuelterminals/pdfs/2022/irving-revere-swppp.pdf	Revere	2022	0	1	70451	343	90	570	0	34	0	67	48	1	11.1	70.4	0	4.2	0	8.3	5.9	0.1	1	0	0	0	33	0	0	0	2.9	0	0	0	97.1	0	0	0	REVERE	TRUE
revereurl34.json	https://www.paulreverehouse.org/wp-content/uploads/2021/06/Ep.-20_-Paul-Revere-and-Dr.-Joseph-Warren.pdf	Revere	(None, None)	0	1	1742	4	0	0	0	0	0	0	0	0	0	0	0	0	0	0	0	0	0	0	0	0	0	0	0	0	0	0	0	0	0	0	0	0	REVERE	TRUE
revereurl4.json	https://www.newea.org/wp-content/uploads/2021/06/NEWEASpr21_Session1_JDoyleBreen.pdf	Revere	2020	0	1	1132	33	21	8	0	0	0	0	2	0	67.7	25.8	0	0	0	0	6.5	0	1	0	0	0	0	0	0	0	100	0	0	0	0	0	0	0	REVERE	TRUE
somervilleurl10.json	https://sites.tufts.edu/richardvogel/files/2019/04/adaptingUrbanInfrastructure.pdf	Somerville	2011	0	1	5316	11	54	70	0	3	0	0	2	0	41.9	54.3	0	2.3	0	0	1.6	0	1	0	0	0	0	0	0	0	100	0	0	0	0	0	0	0	SOMERVILLE	TRUE
somervilleurl20.json	https://www.conservationgateway.org/ConservationPractices/Marine/crr/library/Documents/FL-Keys-SLR_Mozumder_et_al_2011.pdf	Somerville	2008	0	1	3504	8	12	29	0	1	0	0	0	0	28.6	69	0	2.4	0	0	0	0	4	0	0	0	14	0	0	0	22.2	0	0	0	77.8	0	0	0	SOMERVILLE	TRUE
somervilleurl21.json	https://nca2018.globalchange.gov/downloads/NCA4_Ch10_Agriculture_Full.pdf	Somerville	2017	0	1	22043	47	32	17	70	8	1	1	73	26	14	7.5	30.7	3.5	0.4	0.4	32	11.4	1	0	0	0	1	2	1	0	20	0	0	0	20	40	20	0	SOMERVILLE	TRUE
somervilleurl3.json	https://www3.epa.gov/region1/npdes/mwra/pdf/2023/mwra-ditp-somerville-comments-11282023.pdf	Somerville	2023	0	1	1493	4	4	4	0	0	0	0	0	0	50	50	0	0	0	0	0	0	0	0	0	0	0	0	0	0	0	0	0	0	0	0	0	0	SOMERVILLE	TRUE
somervilleurl6.json	https://eeaonline.eea.state.ma.us/EEA/emepa/mepacerts/2020/sc/enf/16195%20enf%20BoyntonYards-Somerville-REVISED%20SKT%20signed.pdf	Somerville	2020	1	1	17993	50	18	85	7	42	27	3	1	3	9.7	45.7	3.8	22.6	14.5	1.6	0.5	1.6	0	0	0	0	4	0	0	0	0	0	0	0	100	0	0	0	SOMERVILLE	TRUE
somervilleurl8.json	https://somerville.k12.ma.us/sites/default/files/SEU-update-Jan2024-School%20Committee.pdf	Somerville	2023	1	1	1344	4	1	0	0	3	16	1	0	1	4.5	0	0	13.6	72.7	4.5	0	4.5	0	0	0	0	0	0	0	0	0	0	0	0	0	0	0	0	SOMERVILLE	TRUE
wakefieldurl23.json	https://nasuca.org/wp-content/uploads/2019/09/Dynamic-Risk-Phase-II.pdf	Wakefield	2018	0	1	86572	291	0	5	0	3	0	9	0	2	0	26.3	0	15.8	0	47.4	0	10.5	0	0	0	1	8	0	6	0	0	0	0	6.7	53.3	0	40	0	WAKEFIELD	TRUE
wakefieldurl3.json	https://www.phmsa.dot.gov/sites/phmsa.dot.gov/files/2023-11/Wakefield-MA-Municipal-Gas-and-Light-Department-PHMSA-NGDISM-FY22-EA-2023-08.pdf	Wakefield	2023	0	1	19274	95	29	3	0	21	1	14	4	0	40.3	4.2	0	29.2	1.4	19.4	5.6	0	0	0	0	0	16	1	0	0	0	0	0	0	94.1	5.9	0	0	WAKEFIELD	TRUE
watertownurl1.json	https://kladashboard-clientsourcefiles.s3.amazonaws.com/watertown/1.5_heat+mapping+assessment+and+report.pdf	Watertown	2021	0	1	4522	29	6	8	58	3	0	2	18	0	6.3	8.4	61.1	3.2	0	2.1	18.9	0	0	0	0	0	0	0	0	0	0	0	0	0	0	0	0	0	WATERTOWN	TRUE
watertownurl26.json	https://apps.dtic.mil/sti/tr/pdf/ADA305301.pdf	Watertown	1992	0	1	97251	274	1	37	38	1	34	36	0	14	0.6	23	23.6	0.6	21.1	22.4	0	8.7	3	0	0	0	4	2	5	0	21.4	0	0	0	28.6	14.3	35.7	0	WATERTOWN	TRUE
wilmingtonurl34.json	https://www.nfwf.org/sites/default/files/2024-03/nfwf-conservation-investments-2023.pdf	Wilmington	2023	0	1	83035	53	163	142	1	5	0	10	15	71	40	34.9	0.2	1.2	0	2.5	3.7	17.4	32	0	0	1	20	1	3	0	56.1	0	0	1.8	35.1	1.8	5.3	0	WILMINGTON	TRUE
wilmingtonurl46.json	https://wilmingtonvermont.us/wp-content/uploads/2021/05/Wilmington_-2019-Haz-Mit-Plan-update-adopted.pdf	Wilmington	2011	0	1	25656	84	373	177	0	0	0	0	42	5	62.5	29.6	0	0	0	0	7	0.8	0	0	0	2	3	10	0	0	0	0	0	13.3	20	66.7	0	0	WILMINGTON	TRUE
winchesterurl34.json	https://www.ocean.edu/wp-content/uploads/2020/04/Board_Clips_March-2020.pdf	Winchester	2020	0	1	1409	5	0	0	0	0	2	0	0	0	0	0	0	0	100	0	0	0	0	0	0	0	0	0	0	0	0	0	0	0	0	0	0	0	WINCHESTER	TRUE
winchesterurl4.json	https://seagrant.whoi.edu/wp-content/uploads/2023/02/Climate-Change-and-Government-Negligence-Liability-in-Massachuset.pdf	Winchester	2013	0	1	4957	11	21	9	0	0	0	0	8	0	55.3	23.7	0	0	0	0	21.1	0	0	0	0	0	0	0	0	0	0	0	0	0	0	0	0	0	WINCHESTER	TRUE
winthropurl14.json	https://winthroptranscript.com/wp-content/uploads/2023/04/WST0427.pdf	Winthrop	2023	0	1	27357	16	2	15	1	0	0	0	0	0	11.1	83.3	5.6	0	0	0	0	0	0	0	0	1	0	5	0	0	0	0	0	16.7	0	83.3	0	0	WINTHROP	TRUE
winthropurl18.json	https://town.holland.ma.us/sites/g/files/vyhlif3266/f/news/environmental_hazard_mitigation_project_preliminary_proposal_final_2_all_public_0.pdf	Winthrop	2022	1	1	6219	20	7	1	0	0	0	3	1	0	58.3	8.3	0	0	0	25	8.3	0	2	0	0	0	2	1	0	0	40	0	0	0	40	20	0	0	WINTHROP	TRUE
winthropurl2.json	https://massland.org/sites/default/files/documents/frpp_fact_sheet.pdf	Winthrop	2018	0	1	2064	5	62	13	0	0	0	0	15	0	68.9	14.4	0	0	0	0	16.7	0	0	0	0	0	0	0	0	0	0	0	0	0	0	0	0	0	WINTHROP	TRUE
winthropurl34.json	https://www.congress.gov/117/crpt/hrpt708/CRPT-117hrpt708.pdf	Winthrop	2022	0	1	46750	110	0	3	0	0	3	0	1	0	0	42.9	0	0	42.9	0	14.3	0	0	0	0	0	0	6	3	0	0	0	0	0	0	66.7	33.3	0	WINTHROP	TRUE
winthropurl6.json	https://thetrustees.org/wp-content/uploads/2021/06/FRPP-Fact-Sheet-June-2021.pdf	Winthrop	2018	0	1	2073	5	64	13	0	0	0	0	15	0	69.6	14.1	0	0	0	0	16.3	0	0	0	0	0	0	0	0	0	0	0	0	0	0	0	0	0	WINTHROP	TRUE
winthropurl8.json	https://www.hamiltonma.gov/wp-content/uploads/2024/03/FY-2023-ANNUAL-TOWN-REPORT-FINAL.pdf	Winthrop	2023	0	1	30617	120	0	20	0	3	8	3	1	5	0	50	0	7.5	20	7.5	2.5	12.5	4	0	0	0	3	27	0	0	11.8	0	0	0	8.8	79.4	0	0	WINTHROP	TRUE
woburnurl1.json	https://eeaonline.eea.state.ma.us/EEA/emepa/mepacerts/2020/sc/enf/FINAL16276%20enf%20495%20Woburn%20Street-Tewksbury%20Billerica%2011-5-2020.pdf	Woburn	2020	1	1	7778	22	8	16	0	9	21	4	0	0	13.8	27.6	0	15.5	36.2	6.9	0	0	0	0	0	0	3	0	0	0	0	0	0	0	100	0	0	0	WOBURN	TRUE
woburnurl13.json	https://www.csu.edu/cerc/researchreports/documents/GenerationsatRiskHowEnvironmentalToxinsMayAffectReproductiveHealth1998.pdf	Woburn	1995	0	1	98860	174	0	17	0	12	52	289	1	14	0	4.4	0	3.1	13.5	75.1	0.3	3.6	2	0	0	5	11	0	7	0	8	0	0	20	44	0	28	0	WOBURN	TRUE
