Checked by|Manual Check 11.19|REASON|pass_checks2|Manual.Check_9.10|most_common_town|file_name
|EXCLUDE||TRUE|EXCLUDE|boston|arlingtonurl18.json
|||FALSE||arlington|arlingtonurl19.json
|INCLUDE||TRUE|INCLUDE|boston|arlingtonurl2.json
|||FALSE||washington|arlingtonurl16.json
CM|INCLUDE|its what we want!|TRUE||quincy|arlingtonurl15.json
|INCLUDE||TRUE|INCLUDE|chelsea|arlingtonurl12.json
|||FALSE||washington|arlingtonurl17.json
|||FALSE||washington|arlingtonurl1.json
|||FALSE||washington|arlingtonurl11.json
|||FALSE||montgomery|arlingtonurl10.json
|||FALSE||marlborough|arlingtonurl13.json
|||FALSE||cambridge|arlingtonurl28.json
|||FALSE||washington|arlingtonurl20.json
|||FALSE||lee|arlingtonurl25.json
|INCLUDE||TRUE|INCLUDE|boston|arlingtonurl24.json
|||FALSE||amherst|arlingtonurl27.json
|INCLUDE||TRUE|INCLUDE|woburn|arlingtonurl21.json
|||FALSE||warwick|arlingtonurl14.json
|||FALSE||cambridge|arlingtonurl23.json
|||FALSE||washington|arlingtonurl30.json
|INCLUDE||TRUE|INCLUDE|everett|arlingtonurl29.json
|||FALSE||foxborough|arlingtonurl33.json
|||FALSE||somerville|arlingtonurl3.json
|||FALSE||cambridge|arlingtonurl34.json
|INCLUDE||TRUE|INCLUDE|boston|arlingtonurl31.json
|||FALSE||cambridge|arlingtonurl38.json
|||FALSE||cambridge|arlingtonurl37.json
|INCLUDE||TRUE|INCLUDE|arlington|arlingtonurl45.json
|||FALSE||cambridge|arlingtonurl35.json
|||FALSE||cambridge|arlingtonurl4.json
|||FALSE||washington|arlingtonurl36.json
|||FALSE||lawrence|arlingtonurl32.json
|EXCLUDE||FALSE|EXCLUDE|washington|arlingtonurl42.json
|INCLUDE||TRUE|INCLUDE|boston|arlingtonurl39.json
|||FALSE||boston|arlingtonurl40.json
|||FALSE||washington|arlingtonurl43.json
|||FALSE||nantucket|arlingtonurl47.json
|||FALSE||arlington|arlingtonurl49.json
|||FALSE||florida|arlingtonurl46.json
|INCLUDE||TRUE|INCLUDE|winthrop|arlingtonurl53.json
|INCLUDE||TRUE|INCLUDE|boston|arlingtonurl55.json
|||FALSE||washington|arlingtonurl48.json
|||FALSE||washington|arlingtonurl50.json
|EXCLUDE||TRUE|EXCLUDE|boston|arlingtonurl51.json
|||FALSE||lawrence|arlingtonurl56.json
|||FALSE||washington|arlingtonurl5.json
|||FALSE||washington|arlingtonurl57.json
|EXCLUDE||FALSE|EXCLUDE|longmeadow|arlingtonurl59.json
|INCLUDE||TRUE|INCLUDE|boston|arlingtonurl6.json
|||FALSE||washington|arlingtonurl54.json
|||FALSE||arlington|arlingtonurl60.json
|||FALSE||norfolk|arlingtonurl62.json
|||FALSE||arlington|arlingtonurl64.json
|||FALSE||washington|arlingtonurl58.json
|||FALSE||washington|arlingtonurl61.json
|||FALSE||boston|arlingtonurl69.json
|||FALSE||clinton|arlingtonurl66.json
|||FALSE||washington|arlingtonurl63.json
|||FALSE||boston|arlingtonurl67.json
|||FALSE||boston|arlingtonurl68.json
|||FALSE||washington|arlingtonurl65.json
|||FALSE||arlington|arlingtonurl73.json
|||FALSE||florida|arlingtonurl74.json
|EXCLUDE||FALSE|EXCLUDE|washington|arlingtonurl7.json
|||FALSE||arlington|arlingtonurl76.json
|||FALSE||wilmington|arlingtonurl77.json
|||FALSE||washington|arlingtonurl78.json
|||FALSE||arlington|arlingtonurl70.json
|INCLUDE||TRUE|INCLUDE|chelsea|arlingtonurl8.json
|||FALSE||washington|arlingtonurl80.json
|INCLUDE||TRUE|INCLUDE|boston|arlingtonurl71.json
|||FALSE||washington|arlingtonurl75.json
|||FALSE||florida|arlingtonurl81.json
|||FALSE||washington|arlingtonurl72.json
|||FALSE||washington|arlingtonurl79.json
|||FALSE||washington|arlingtonurl83.json
|INCLUDE||TRUE|INCLUDE|cambridge|belmonturl1.json
|||FALSE||richmond|arlingtonurl82.json
|EXCLUDE||TRUE|EXCLUDE|boston|arlingtonurl9.json
|||FALSE||washington|belmonturl10.json
|||FALSE||hudson|arlingtonurl87.json
|||FALSE||hinsdale|belmonturl14.json
|||FALSE||washington|arlingtonurl84.json
|||FALSE||washington|arlingtonurl85.json
|||FALSE||hull|belmonturl11.json
|||FALSE||harvard|arlingtonurl88.json
|||FALSE||florida|belmonturl12.json
|||FALSE||sharon|arlingtonurl86.json
|||FALSE||quincy|belmonturl15.json
|||FALSE||weymouth|belmonturl17.json
|||FALSE||dalton|belmonturl13.json
|EXCLUDE||TRUE|EXCLUDE|boston|belmonturl25.json
|EXCLUDE||FALSE|EXCLUDE|springfield|belmonturl2.json
|||FALSE||hudson|belmonturl23.json
|||FALSE||washington|belmonturl19.json
|||FALSE||worcester|belmonturl27.json
|||FALSE||wilmington|belmonturl16.json
|INCLUDE||TRUE|INCLUDE|melrose|belmonturl24.json
|||FALSE||cambridge|belmonturl29.json
|||FALSE||weston|belmonturl22.json
|||FALSE||tyringham|belmonturl21.json
|||FALSE||maynard|belmonturl26.json
|||FALSE||lawrence|belmonturl28.json
|INCLUDE||TRUE|INCLUDE|boston|belmonturl3.json
|INCLUDE||TRUE|INCLUDE|boston|belmonturl30.json
|INCLUDE||TRUE|INCLUDE|boston|belmonturl33.json
|INCLUDE||TRUE|INCLUDE|belmont|belmonturl34.json
|INCLUDE||TRUE|INCLUDE|boston|belmonturl39.json
|||FALSE||washington|belmonturl31.json
|INCLUDE||TRUE|INCLUDE|boston|belmonturl38.json
|||FALSE||hudson|belmonturl37.json
|INCLUDE||TRUE|INCLUDE|cambridge|belmonturl36.json
|||FALSE||easton|belmonturl4.json
|||FALSE||bourne|belmonturl32.json
|INCLUDE||TRUE|INCLUDE|boston|belmonturl40.json
|||FALSE||douglas|belmonturl35.json
|||FALSE||washington|belmonturl43.json
|||FALSE||belmont|belmonturl42.json
|||FALSE||dalton|belmonturl44.json
|EXCLUDE||TRUE|EXCLUDE|boston|belmonturl47.json
|||FALSE||belmont|belmonturl48.json
|||FALSE||washington|belmonturl49.json
|||FALSE||gill|belmonturl45.json
|||FALSE||washington|belmonturl41.json
|||FALSE||richmond|belmonturl51.json
|EXCLUDE||TRUE|EXCLUDE|boston|belmonturl46.json
|||FALSE||east bridgewater|belmonturl52.json
|||FALSE||duxbury|belmonturl5.json
|||FALSE||washington|belmonturl53.json
|||FALSE||cambridge|belmonturl54.json
|||FALSE||bourne|belmonturl50.json
|||FALSE||washington|belmonturl55.json
|||FALSE||salisbury|belmonturl61.json
|||FALSE||norwood|belmonturl56.json
|||FALSE||boston|belmonturl66.json
|||FALSE||boston|belmonturl59.json
|||FALSE||washington|belmonturl57.json
|||FALSE||blackstone|belmonturl62.json
|||FALSE||hudson|belmonturl58.json
|INCLUDE||TRUE|INCLUDE|cambridge|belmonturl65.json
|||FALSE||richmond|belmonturl63.json
|||FALSE||worcester|belmonturl6.json
|||FALSE||washington|belmonturl70.json
|||FALSE||orleans|belmonturl64.json
|||FALSE||orange|belmonturl68.json
|||FALSE||princeton|belmonturl67.json
|INCLUDE||TRUE|INCLUDE|boston|belmonturl7.json
|EXCLUDE||TRUE|EXCLUDE|boston|belmonturl69.json
|||FALSE||weston|belmonturl74.json
|||FALSE||washington|belmonturl72.json
|||FALSE||granville|belmonturl77.json
|||FALSE||princeton|belmonturl75.json
|EXCLUDE||FALSE|EXCLUDE|boston|belmonturl8.json
|||FALSE||washington|belmonturl78.json
|||FALSE||belmont|belmonturl82.json
|||FALSE||florida|belmonturl76.json
|EXCLUDE||TRUE|EXCLUDE|boston|belmonturl80.json
|||FALSE||milford|belmonturl81.json
|||FALSE||boston|belmonturl79.json
|||FALSE||boston|bostonurl1.json
|||FALSE||cambridge|belmonturl83.json
|||FALSE||weston|belmonturl9.json
|||FALSE||cambridge|belmonturl84.json
|INCLUDE||FALSE|INCLUDE|boston|bostonurl11.json
|INCLUDE||TRUE|INCLUDE|cambridge|bostonurl12.json
|INCLUDE||TRUE|INCLUDE|boston|bostonurl18.json
|||FALSE||somerville|bostonurl15.json
|INCLUDE||TRUE|INCLUDE|boston|bostonurl10.json
|INCLUDE||TRUE|INCLUDE|boston|bostonurl19.json
|||FALSE||boston|bostonurl16.json
|EXCLUDE||FALSE|EXCLUDE|boston|bostonurl14.json
|INCLUDE||TRUE|INCLUDE|boston|bostonurl2.json
|EXCLUDE||FALSE|EXCLUDE|concord|bostonurl17.json
|INCLUDE||TRUE|INCLUDE|boston|bostonurl13.json
|EXCLUDE||TRUE|EXCLUDE|boston|bostonurl20.json
|INCLUDE||TRUE|INCLUDE|boston|bostonurl21.json
|INCLUDE||TRUE|INCLUDE|boston|bostonurl22.json
|EXCLUDE||TRUE|EXCLUDE|boston|bostonurl26.json
|EXCLUDE||TRUE|EXCLUDE|boston|bostonurl23.json
|INCLUDE||FALSE|INCLUDE|boston|bostonurl30.json
|EXCLUDE||TRUE|EXCLUDE|boston|bostonurl32.json
|INCLUDE||FALSE|INCLUDE|chelsea|bostonurl29.json
|EXCLUDE||TRUE|EXCLUDE|boston|bostonurl31.json
|INCLUDE||TRUE|INCLUDE|boston|bostonurl3.json
|INCLUDE||FALSE|INCLUDE|boston|bostonurl25.json
|EXCLUDE||TRUE|EXCLUDE|boston|bostonurl34.json
|EXCLUDE||TRUE|EXCLUDE|boston|bostonurl28.json
|INCLUDE||TRUE|INCLUDE|boston|bostonurl24.json
|INCLUDE||TRUE|INCLUDE|brookline|bostonurl27.json
|||FALSE||quincy|bostonurl33.json
|EXCLUDE||FALSE|EXCLUDE|washington|bostonurl35.json
|EXCLUDE||TRUE|EXCLUDE|boston|bostonurl36.json
|INCLUDE||FALSE|INCLUDE|boston|bostonurl4.json
|EXCLUDE||FALSE|EXCLUDE|boston|bostonurl41.json
|INCLUDE||TRUE|INCLUDE|somerville|bostonurl40.json
|EXCLUDE||FALSE|EXCLUDE|lee|bostonurl42.json
|EXCLUDE||TRUE|EXCLUDE|boston|bostonurl45.json
|EXCLUDE||FALSE|EXCLUDE|weston|bostonurl39.json
|EXCLUDE||FALSE|EXCLUDE|salisbury|bostonurl46.json
|INCLUDE||FALSE|INCLUDE|boston|bostonurl38.json
|||FALSE||boston|bostonurl44.json
|EXCLUDE||FALSE|EXCLUDE|boston|bostonurl37.json
|INCLUDE||TRUE|INCLUDE|boston|bostonurl48.json
|EXCLUDE||TRUE|EXCLUDE|boston|bostonurl47.json
|INCLUDE||TRUE|INCLUDE|revere|bostonurl43.json
|INCLUDE||TRUE|INCLUDE|boston|bostonurl55.json
|||FALSE||chatham|bostonurl50.json
|INCLUDE||FALSE|INCLUDE|cambridge|bostonurl6.json
|EXCLUDE||TRUE|EXCLUDE|boston|bostonurl5.json
|||FALSE||north adams|bostonurl49.json
|EXCLUDE||TRUE|EXCLUDE|boston|bostonurl53.json
|||FALSE||boston|bostonurl51.json
|INCLUDE||FALSE|INCLUDE|winthrop|bostonurl52.json
|||FALSE||newburyport|bostonurl62.json
|EXCLUDE||TRUE|EXCLUDE|boston|bostonurl57.json
|INCLUDE||FALSE|INCLUDE|woburn|bostonurl59.json
|EXCLUDE||TRUE|EXCLUDE|boston|bostonurl60.json
|EXCLUDE||TRUE|EXCLUDE|boston|bostonurl56.json
|||FALSE||shirley|bostonurl64.json
|EXCLUDE||TRUE|EXCLUDE|boston|bostonurl68.json
|||FALSE||washington|bostonurl63.json
|EXCLUDE||FALSE|EXCLUDE|natick|bostonurl70.json
|EXCLUDE||FALSE|EXCLUDE|washington|bostonurl65.json
|EXCLUDE||TRUE|EXCLUDE|boston|bostonurl7.json
|INCLUDE||FALSE|INCLUDE|boston|bostonurl69.json
|INCLUDE||TRUE|INCLUDE|boston|bostonurl72.json
|||FALSE||washington|bostonurl66.json
|INCLUDE||TRUE|INCLUDE|boston|bostonurl67.json
|||FALSE||springfield|bostonurl71.json
|||FALSE||boston|bostonurl73.json
|||FALSE||None|bostonurl76.json
|EXCLUDE||TRUE|EXCLUDE|boston|bostonurl74.json
|||FALSE||boston|bostonurl81.json
|EXCLUDE||FALSE|EXCLUDE|boston|bostonurl8.json
|EXCLUDE||TRUE|EXCLUDE|boston|bostonurl84.json
|EXCLUDE||TRUE|EXCLUDE|boston|bostonurl82.json
|||FALSE||boston|bostonurl79.json
|EXCLUDE||FALSE|EXCLUDE|boston|bostonurl75.json
|||FALSE||boston|bostonurl80.json
|EXCLUDE||FALSE|EXCLUDE|springfield|bostonurl77.json
|EXCLUDE||FALSE|EXCLUDE|boston|bostonurl78.json
|EXCLUDE||FALSE|EXCLUDE|boston|bostonurl85.json
|EXCLUDE||TRUE|EXCLUDE|boston|bostonurl83.json
|NA||FALSE|NA|brookline|brooklineurl10.json
|||FALSE||worcester|bostonurl89.json
|INCLUDE||TRUE|INCLUDE|boston|bostonurl86.json
|EXCLUDE||TRUE|EXCLUDE|boston|bostonurl87.json
NC|INCLUDE||TRUE|NA|boston|brooklineurl11.json
NC|INCLUDE||TRUE|NA|boston|brooklineurl15.json
|NA||FALSE|NA|brookline|brooklineurl1.json
|INCLUDE||TRUE|INCLUDE|cambridge|bostonurl9.json
|EXCLUDE||FALSE|EXCLUDE|washington|bostonurl88.json
NC|INCLUDE|More of a built environment thing but still relevant I think|TRUE|NA|boston|brooklineurl19.json
|NA||FALSE|NA|boston|brooklineurl14.json
|NA||FALSE|NA|boston|brooklineurl18.json
|NA||FALSE|NA|boston|brooklineurl20.json
|NA||FALSE|NA|boston|brooklineurl16.json
|NA||FALSE|NA|everett|brooklineurl12.json
|NA||FALSE|NA|boston|brooklineurl2.json
|NA||FALSE|NA|cambridge|brooklineurl27.json
|NA||FALSE|NA|oak bluffs|brooklineurl22.json
|NA||FALSE|NA|harvard|brooklineurl26.json
|NA||FALSE|NA|boston|brooklineurl28.json
|NA||FALSE|NA|rowley|brooklineurl23.json
NC|EXCLUDE|A pretty ideal report but for all MA|TRUE|NA|boston|brooklineurl34.json
|NA||FALSE|NA|quincy|brooklineurl17.json
NC|EXCLUDE|Also a pretty ideal report but for all MA|TRUE|NA|boston|brooklineurl35.json
|NA||FALSE|NA|norfolk|brooklineurl25.json
|NA||FALSE|NA|cambridge|brooklineurl3.json
|NA||FALSE|NA|dunstable|brooklineurl29.json
|NA||FALSE|NA|pittsfield|brooklineurl30.json
|NA||FALSE|NA|hudson|brooklineurl37.json
|NA||FALSE|NA|brookline|brooklineurl39.json
NC|INCLUDE||TRUE|NA|boston|brooklineurl31.json
|NA||FALSE|NA|windsor|brooklineurl32.json
|NA||FALSE|NA|cambridge|brooklineurl4.json
NC|INCLUDE|East Boston centric |TRUE|NA|boston|brooklineurl38.json
|NA||FALSE|NA|boston|brooklineurl40.json
NC|EXCLUDE||TRUE|NA|boston|brooklineurl41.json
|NA||FALSE|NA|boston|brooklineurl33.json
NC|EXCLUDE||TRUE|NA|boston|brooklineurl47.json
NC|EXCLUDE|Great report but all MA|TRUE|NA|boston|brooklineurl42.json
NC|EXCLUDE||TRUE|NA|boston|brooklineurl45.json
|NA||FALSE|NA|boston|brooklineurl43.json
|NA||FALSE|NA|bourne|brooklineurl44.json
|NA||FALSE|NA|brookline|brooklineurl46.json
|NA||FALSE|NA|greenfield|brooklineurl48.json
|NA||FALSE|NA|oxford|brooklineurl49.json
NC|INCLUDE||TRUE|NA|cambridge|brooklineurl5.json
|NA||FALSE|NA|monroe|brooklineurl50.json
NC|EXCLUDE||TRUE|NA|boston|brooklineurl53.json
|NA||FALSE|NA|boston|brooklineurl54.json
|NA||FALSE|NA|boston|brooklineurl51.json
|NA||FALSE|NA|cambridge|brooklineurl56.json
|NA||FALSE|NA|boston|brooklineurl55.json
|NA||FALSE|NA|washington|brooklineurl58.json
|NA||FALSE|NA|boston|brooklineurl61.json
NC|EXCLUDE|All MA|TRUE|NA|boston|brooklineurl6.json
|NA||FALSE|NA|wellesley|brooklineurl57.json
|NA||FALSE|NA|peru|brooklineurl60.json
|NA||FALSE|NA|worcester|brooklineurl59.json
NC|EXCLUDE||TRUE|NA|boston|brooklineurl66.json
NC|EXCLUDE||TRUE|NA|cambridge|brooklineurl65.json
|NA||FALSE|NA|harvard|brooklineurl67.json
|NA||FALSE|NA|washington|brooklineurl62.json
|NA||FALSE|NA|washington|brooklineurl63.json
NC|INCLUDE||TRUE|INCLUDE|everett|burlingtonurl13.json
|||FALSE||washington|burlingtonurl12.json
|NA||FALSE|NA|boston|brooklineurl7.json
|||FALSE||springfield|burlingtonurl11.json
|EXCLUDE||FALSE|EXCLUDE|barre|burlingtonurl14.json
|||FALSE||burlington|burlingtonurl1.json
NC|INCLUDE||TRUE|NA|somerville|brooklineurl8.json
|NA||FALSE|NA|boston|brooklineurl9.json
|||FALSE||washington|burlingtonurl16.json
|||FALSE||burlington|burlingtonurl15.json
|||FALSE||beverly|burlingtonurl17.json
|INCLUDE||FALSE|INCLUDE|everett|burlingtonurl18.json
|||FALSE||washington|burlingtonurl21.json
|||FALSE||barnstable|burlingtonurl19.json
NC|EXCLUDE||TRUE|EXCLUDE|burlington|burlingtonurl20.json
|||FALSE||washington|burlingtonurl23.json
|||FALSE||florida|burlingtonurl28.json
|EXCLUDE||FALSE|EXCLUDE|boston|burlingtonurl22.json
|||FALSE||burlington|burlingtonurl2.json
|||FALSE||auburn|burlingtonurl26.json
|||FALSE||washington|burlingtonurl24.json
|EXCLUDE||FALSE|EXCLUDE|boston|burlingtonurl3.json
|||FALSE||florida|burlingtonurl29.json
|||FALSE||washington|burlingtonurl27.json
|||FALSE||burlington|burlingtonurl36.json
|||FALSE||burlington|burlingtonurl32.json
|||FALSE||norfolk|burlingtonurl33.json
|||FALSE||washington|burlingtonurl30.json
|EXCLUDE||FALSE|EXCLUDE|washington|burlingtonurl34.json
|||FALSE||washington|burlingtonurl38.json
|||FALSE||florida|burlingtonurl37.json
|||FALSE||burlington|burlingtonurl35.json
|||FALSE||salem|burlingtonurl41.json
|||FALSE||worcester|burlingtonurl4.json
|||FALSE||washington|burlingtonurl31.json
|EXCLUDE||FALSE|EXCLUDE|amherst|burlingtonurl47.json
|||FALSE||washington|burlingtonurl42.json
|||FALSE||washington|burlingtonurl44.json
|||FALSE||washington|burlingtonurl40.json
|||FALSE||springfield|burlingtonurl5.json
NC|EXCLUDE||TRUE|EXCLUDE|boston|burlingtonurl48.json
|||FALSE||lynn|burlingtonurl43.json
|||FALSE||burlington|burlingtonurl46.json
|||FALSE||washington|burlingtonurl50.json
|||FALSE||burlington|burlingtonurl45.json
|||FALSE||burlington|burlingtonurl49.json
|||TRUE||lynn|burlingtonurl51.json
|||FALSE||boston|burlingtonurl55.json
|||FALSE||washington|burlingtonurl56.json
|||FALSE||rutland|burlingtonurl60.json
|||FALSE||washington|burlingtonurl52.json
|||FALSE||washington|burlingtonurl58.json
|||FALSE||washington|burlingtonurl53.json
|||FALSE||sharon|burlingtonurl59.json
|||FALSE||bridgewater|burlingtonurl63.json
|INCLUDE||TRUE|INCLUDE|wakefield|burlingtonurl54.json
|||FALSE||burlington|burlingtonurl6.json
|||FALSE||orleans|burlingtonurl61.json
|EXCLUDE||TRUE|EXCLUDE|boston|burlingtonurl64.json
|||FALSE||washington|burlingtonurl62.json
|||FALSE||bedford|burlingtonurl68.json
|EXCLUDE||TRUE|EXCLUDE|boston|burlingtonurl7.json
|EXCLUDE||TRUE|EXCLUDE|boston|burlingtonurl74.json
|INCLUDE||FALSE|INCLUDE|melrose|burlingtonurl65.json
|INCLUDE||TRUE|INCLUDE|somerville|burlingtonurl72.json
|||FALSE||dalton|burlingtonurl75.json
|||FALSE||georgetown|burlingtonurl71.json
|||FALSE||washington|burlingtonurl67.json
|||FALSE||washington|burlingtonurl69.json
|||FALSE||westborough|burlingtonurl70.json
|||FALSE||beverly|burlingtonurl76.json
|||FALSE||washington|burlingtonurl66.json
|||FALSE||florida|burlingtonurl77.json
|||FALSE||washington|burlingtonurl81.json
|||FALSE||washington|burlingtonurl82.json
|||FALSE||arlington|burlingtonurl79.json
|||FALSE||washington|burlingtonurl9.json
|INCLUDE||TRUE|INCLUDE|cambridge|cambridgeurl11.json
|EXCLUDE||TRUE|EXCLUDE|boston|burlingtonurl78.json
|||FALSE||washington|cambridgeurl12.json
|||FALSE||hatfield|burlingtonurl8.json
|||FALSE||greenfield|burlingtonurl80.json
|||FALSE||washington|burlingtonurl83.json
|||FALSE||boston|burlingtonurl84.json
|INCLUDE||TRUE|INCLUDE|cambridge|cambridgeurl10.json
|INCLUDE||TRUE|INCLUDE|boston|cambridgeurl1.json
|EXCLUDE||FALSE|EXCLUDE|amherst|cambridgeurl14.json
|||FALSE||washington|cambridgeurl13.json
|||FALSE||washington|cambridgeurl17.json
|||FALSE||cambridge|cambridgeurl15.json
|||FALSE||princeton|cambridgeurl18.json
|INCLUDE||TRUE|INCLUDE|boston|cambridgeurl2.json
|EXCLUDE||FALSE|EXCLUDE|washington|cambridgeurl24.json
|||FALSE||montgomery|cambridgeurl16.json
|||FALSE||washington|cambridgeurl21.json
|||FALSE||warwick|cambridgeurl22.json
|||FALSE||easton|cambridgeurl20.json
|||FALSE||washington|cambridgeurl19.json
|||FALSE||duxbury|cambridgeurl27.json
|EXCLUDE||FALSE|EXCLUDE|amherst|cambridgeurl23.json
|||FALSE||cambridge|cambridgeurl25.json
|EXCLUDE||TRUE|EXCLUDE|cambridge|cambridgeurl30.json
|||FALSE||hudson|cambridgeurl26.json
|EXCLUDE||FALSE|EXCLUDE|cambridge|cambridgeurl28.json
|EXCLUDE||FALSE|EXCLUDE|cambridge|cambridgeurl37.json
|INCLUDE||TRUE|INCLUDE|cambridge|cambridgeurl3.json
|||FALSE||harvard|cambridgeurl29.json
|||FALSE||harvard|cambridgeurl32.json
|EXCLUDE||FALSE|EXCLUDE|cambridge|cambridgeurl31.json
|||FALSE||salem|cambridgeurl34.json
|||FALSE||washington|cambridgeurl38.json
|EXCLUDE||FALSE|EXCLUDE|cambridge|cambridgeurl35.json
|||FALSE||cambridge|cambridgeurl41.json
|||FALSE||washington|cambridgeurl36.json
|||FALSE||florida|cambridgeurl33.json
|INCLUDE||TRUE|INCLUDE|boston|cambridgeurl39.json
|||FALSE||cambridge|cambridgeurl49.json
|||FALSE||richmond|cambridgeurl43.json
|||FALSE||washington|cambridgeurl44.json
|EXCLUDE||FALSE|EXCLUDE|cambridge|cambridgeurl42.json
|||FALSE||washington|cambridgeurl40.json
|||FALSE||cambridge|cambridgeurl4.json
|||FALSE||cambridge|cambridgeurl47.json
|INCLUDE||TRUE|INCLUDE|boston|cambridgeurl5.json
|||FALSE||cambridge|cambridgeurl50.json
|||FALSE||cambridge|cambridgeurl46.json
|||FALSE||florida|cambridgeurl51.json
|EXCLUDE||FALSE|EXCLUDE|washington|cambridgeurl48.json
|EXCLUDE||FALSE|EXCLUDE|cambridge|cambridgeurl54.json
|||FALSE||peru|cambridgeurl52.json
|INCLUDE||FALSE|INCLUDE|chelsea|cambridgeurl45.json
|||FALSE||lee|cambridgeurl56.json
|EXCLUDE||FALSE|EXCLUDE|cambridge|cambridgeurl53.json
|||FALSE||lawrence|cambridgeurl59.json
|INCLUDE||TRUE|INCLUDE|revere|cambridgeurl58.json
|||FALSE||clarksburg|cambridgeurl55.json
|EXCLUDE||FALSE|EXCLUDE|cambridge|cambridgeurl6.json
|EXCLUDE||FALSE|EXCLUDE|medford|cambridgeurl61.json
|||FALSE||washington|cambridgeurl57.json
|INCLUDE||FALSE|INCLUDE|gloucester|chelseaurl1.json
|||FALSE||washington|cambridgeurl60.json
|INCLUDE||FALSE|INCLUDE|boston|chelseaurl11.json
|EXCLUDE||FALSE|EXCLUDE|florida|cambridgeurl9.json
|INCLUDE||FALSE|INCLUDE|cambridge|chelseaurl10.json
|INCLUDE||FALSE|INCLUDE|cambridge|cambridgeurl7.json
|||FALSE||boston|cambridgeurl8.json
|||FALSE||boston|chelseaurl14.json
|||FALSE||somerville|chelseaurl12.json
|INCLUDE||FALSE|INCLUDE|everett|chelseaurl18.json
|INCLUDE||FALSE|INCLUDE|boston|chelseaurl17.json
|EXCLUDE||FALSE|EXCLUDE|worcester|chelseaurl13.json
|INCLUDE||FALSE|INCLUDE|boston|chelseaurl16.json
|INCLUDE||TRUE|INCLUDE|chelsea|chelseaurl2.json
|INCLUDE||FALSE|INCLUDE|boston|chelseaurl20.json
|INCLUDE||FALSE|INCLUDE|boston|chelseaurl22.json
|INCLUDE||FALSE|INCLUDE|boston|chelseaurl23.json
|||FALSE||quincy|chelseaurl19.json
|INCLUDE||TRUE|INCLUDE|revere|chelseaurl21.json
|||FALSE||boston|chelseaurl24.json
|INCLUDE||TRUE|INCLUDE|chelsea|chelseaurl3.json
|||FALSE||weston|chelseaurl27.json
|EXCLUDE||FALSE|EXCLUDE|boston|chelseaurl26.json
|||FALSE||washington|chelseaurl32.json
|EXCLUDE||TRUE|EXCLUDE|boston|chelseaurl29.json
|EXCLUDE||FALSE|EXCLUDE|boston|chelseaurl28.json
|||FALSE||boston|chelseaurl30.json
|||FALSE||boston|chelseaurl31.json
|INCLUDE||TRUE|INCLUDE|chelsea|chelseaurl25.json
|INCLDUE||FALSE|INCLDUE|boston|chelseaurl35.json
|EXCLUDE||TRUE|EXCLUDE|boston|chelseaurl37.json
|EXCLUDE||FALSE|EXCLUDE|boston|chelseaurl36.json
|INCLUDE||FALSE|INCLUDE|chelsea|chelseaurl4.json
|||FALSE||lee|chelseaurl38.json
|||FALSE||orleans|chelseaurl39.json
|INCLUDE||FALSE|INCLUDE|woburn|chelseaurl40.json
|EXCLUDE||FALSE|EXCLUDE|everett|chelseaurl41.json
|EXCLUDE||TRUE|EXCLUDE|reading|chelseaurl46.json
|EXCLUDE||TRUE|EXCLUDE|boston|chelseaurl48.json
|||FALSE||boston|chelseaurl51.json
|INCLUDE||TRUE|INCLUDE|chelsea|chelseaurl42.json
|EXCLUDE||FALSE|EXCLUDE|boston|chelseaurl49.json
|||FALSE||foxborough|chelseaurl43.json
|INCLUDE||TRUE|INCLUDE|somerville|chelseaurl45.json
|INCLUDE||TRUE|INCLUDE|chelsea|chelseaurl5.json
|||FALSE||harvard|chelseaurl47.json
|EXCLUDE||FALSE|EXCLUDE|boston|chelseaurl53.json
|INCLUDE||TRUE|INCLUDE|boston|chelseaurl50.json
|||FALSE||boston|chelseaurl57.json
|EXCLUDE||FALSE|EXCLUDE|chelsea|chelseaurl58.json
|||FALSE||washington|chelseaurl52.json
|||FALSE||worcester|chelseaurl63.json
|||FALSE||washington|chelseaurl60.json
|||FALSE||washington|chelseaurl56.json
|||FALSE||florida|chelseaurl54.json
|||FALSE||boston|chelseaurl59.json
|INCLUDE||TRUE|INCLUDE|chelsea|chelseaurl65.json
|INCLUDE||FALSE|INCLUDE|boston|chelseaurl66.json
|EXCLUDE||FALSE|EXCLUDE|boston|chelseaurl68.json
|INCLUDE||TRUE|INCLDE|everett|chelseaurl61.json
|||FALSE||richmond|chelseaurl64.json
|EXCLUDE||FALSE|EXCLUDE|boston|chelseaurl6.json
|||FALSE||cambridge|chelseaurl67.json
|||FALSE||wilmington|chelseaurl71.json
|||FALSE||warwick|chelseaurl62.json
|INCLUDE||TRUE|INCLUDE|boston|chelseaurl70.json
|||FALSE||peabody|chelseaurl69.json
|||FALSE||boston|chelseaurl73.json
|||FALSE||fairhaven|chelseaurl74.json
|||FALSE||boston|chelseaurl7.json
|||FALSE||cambridge|chelseaurl72.json
|||FALSE||florida|chelseaurl75.json
|||FALSE||washington|chelseaurl76.json
|INCLUDE||FALSE|INCLUDE|cambridge|chelseaurl8.json
|EXCLUDE||FALSE|EXCLUDE|orange|chelseaurl80.json
|INCLUDE||FALSE|INCLUDE|melrose|chelseaurl85.json
|||FALSE||lee|chelseaurl82.json
|||FALSE||boston|chelseaurl81.json
|||FALSE||washington|chelseaurl84.json
|EXCLUDE||TRUE|EXCLUDE|boston|chelseaurl87.json
|||FALSE||sharon|chelseaurl78.json
|||FALSE||scituate|chelseaurl89.json
|EXCLUDE||TRUE|EXCLUDE|boston|chelseaurl83.json
|INCLUDE||FALSE|INCLUDE|boston|chelseaurl88.json
|||FALSE||washington|chelseaurl77.json
|EXCLUDE||FALSE|EXCLUDE|boston|chelseaurl94.json
|||FALSE||florida|chelseaurl86.json
|INCLUDE||FALSE|INCLUDE|boston|chelseaurl9.json
|||FALSE||boston|chelseaurl90.json
|||FALSE||weston|chelseaurl93.json
|||FALSE||boston|chelseaurl95.json
|||FALSE||washington|chelseaurl91.json
|||FALSE||adams|chelseaurl92.json
|EXCLUDE||FALSE|EXCLUDE|boston|everetturl12.json
|||FALSE||beverly|everetturl13.json
|||FALSE||boston|everetturl10.json
|INCLUDE||FALSE|INCLUDE|everett|everetturl1.json
|||FALSE||washington|everetturl15.json
|EXCLUDE||TRUE|EXCLUDE|boston|everetturl16.json
|INCLUDE||FALSE|INCLUDE|boston|everetturl11.json
|||FALSE||somerville|everetturl14.json
|||FALSE||boston|everetturl18.json
|||FALSE||wilmington|everetturl19.json
|INCLUDE||FALSE|INCLUDE|boston|everetturl2.json
|||FALSE||washington|everetturl17.json
|INCLUDE||TRUE|INCLUDE|woburn|everetturl23.json
|INCLUDE||FALSE|INCLUDE|boston|everetturl20.json
|EXCLUDE||FALSE|EXCLUDE|boston|everetturl21.json
|||FALSE||sheffield|everetturl22.json
|EXCLUDE||TRUE|EXCLUDE|boston|everetturl27.json
|||FALSE||southbridge|everetturl25.json
|INCLUDE||FALSE|INCLUDE|boston|everetturl28.json
|||FALSE||worcester|everetturl24.json
|EXCLUDE||FALSE|EXCLUDE|boston|everetturl30.json
|INCLUDE||FALSE|INCLUDE|revere|everetturl29.json
|||FALSE||cambridge|everetturl33.json
|INCLUDE||FALSE|INCLUDE|boston|everetturl32.json
|INCLUDE||FALSE|INCLUDE|cambridge|everetturl3.json
|||FALSE||worcester|everetturl31.json
|||FALSE||lowell|everetturl36.json
|||FALSE||orange|everetturl34.json
|INCLUDE||FALSE|INCLUDE|boston|everetturl38.json
|||FALSE||lincoln|everetturl35.json
|||FALSE||boston|everetturl37.json
|INCLUDE||FALSE|INCLUDE|boston|everetturl40.json
|INCLUDE||FALSE|INCLUDE|boston|everetturl4.json
|||FALSE||florida|everetturl39.json
|||FALSE||harvard|everetturl41.json
|||FALSE||everett|everetturl44.json
|||FALSE||colrain|everetturl47.json
|||FALSE||washington|everetturl46.json
|||FALSE||boston|everetturl48.json
|||FALSE||washington|everetturl42.json
|||FALSE||boston|everetturl43.json
|EXCLUDE||TRUE|EXCLUDE|boston|everetturl49.json
|||FALSE||richmond|everetturl45.json
|||FALSE||boston|everetturl50.json
|||FALSE||douglas|everetturl51.json
|||FALSE||washington|everetturl61.json
|EXCLUDE||FALSE|EXCLUDE|boston|everetturl55.json
|||FALSE||washington|everetturl59.json
|INCLUDE||FALSE|INCLUDE|cambridge|everetturl6.json
|||FALSE||quincy|everetturl54.json
|||FALSE||orleans|everetturl56.json
|||FALSE||cambridge|everetturl58.json
|||FALSE||washington|everetturl52.json
|EXCLUDE||TRUE|EXCLUDE|boston|everetturl62.json
|||FALSE||douglas|everetturl63.json
|EXCLUDE||TRUE|EXCLUDE|boston|everetturl69.json
|||FALSE||somerville|everetturl5.json
|||FALSE||amherst|everetturl66.json
|||FALSE||boston|everetturl64.json
|INCLUDE||TRUE|INCLUDE|somerville|everetturl7.json
|EXCLUDE||FALSE|EXCLUDE|boston|everetturl73.json
|||FALSE||florida|everetturl67.json
|INCLUDE||FALSE|INCLUDE|melrose|everetturl65.json
|EXCLUDE||TRUE|EXCLUDE|boston|everetturl70.json
|||FALSE||newbury|everetturl68.json
|EXCLUDE||FALSE|EXCLUDE|boston|everetturl77.json
|||FALSE||sterling|everetturl72.json
|INCLUDE||FALSE|INCLUDE|cambridge|everetturl8.json
|||FALSE||washington|everetturl71.json
|||FALSE||everett|everetturl76.json
|||FALSE||winthrop|lexingtonurl10.json
|EXCLUDE||FALSE|EXCLUDE|everett|everetturl9.json
|||FALSE||reading|everetturl75.json
|||FALSE||harvard|lexingtonurl13.json
|INCLUDE||TRUE|INCLUDE|lexington|lexingtonurl1.json
|INCLUDE||TRUE|INCLUDE|boston|everetturl78.json
|||FALSE||washington|lexingtonurl11.json
|||FALSE||pittsfield|lexingtonurl14.json
|||FALSE||florida|lexingtonurl12.json
|||FALSE||cambridge|lexingtonurl15.json
|||FALSE||oxford|lexingtonurl16.json
|EXCLUDE||TRUE|EXCLUDE|boston|lexingtonurl2.json
|||FALSE||florida|lexingtonurl17.json
|INCLUDE||FALSE|INCLUDE|lexington|lexingtonurl25.json
|||FALSE||washington|lexingtonurl21.json
|||FALSE||lexington|lexingtonurl19.json
|INCLUDE||FALSE|INCLUDE|somerville|lexingtonurl18.json
|||FALSE||berlin|lexingtonurl20.json
|EXCLUDE||FALSE|EXCLUDE|boston|lexingtonurl29.json
|||FALSE||washington|lexingtonurl22.json
|||FALSE||weston|lexingtonurl24.json
|||FALSE||orleans|lexingtonurl26.json
|EXCLUDE||FALSE|EXCLUDE|washington|lexingtonurl3.json
|||FALSE||cambridge|lexingtonurl30.json
|||FALSE||washington|lexingtonurl28.json
|INCLUDE||TRUE|INCLUDE|boston|lexingtonurl23.json
|EXCLUDE||TRUE|EXCLUDE|boston|lexingtonurl31.json
|||FALSE||hudson|lexingtonurl27.json
|||FALSE||boston|lexingtonurl35.json
|EXCLUDE||TRUE|EXCLUDE|boston|lexingtonurl33.json
|||FALSE||washington|lexingtonurl32.json
|INCLUDE||FALSE|INCLUDE|boston|lexingtonurl4.json
|||FALSE||douglas|lexingtonurl39.json
|||FALSE||washington|lexingtonurl40.json
|||FALSE||washington|lexingtonurl36.json
|INCLUDE||FALSE|INCLUDE|boston|lexingtonurl38.json
|||FALSE||orleans|lexingtonurl37.json
|EXCLUDE||TRUE|EXCLUDE|boston|lexingtonurl34.json
|INCLUDE||TRUE|INCLUDE|boston|lexingtonurl43.json
|||FALSE||berkley|lexingtonurl41.json
|EXCLUDE||FALSE|EXCLUDE|boston|lexingtonurl42.json
|||FALSE||richmond|lexingtonurl44.json
|||FALSE||washington|lexingtonurl45.json
|EXCLUDE||FALSE|EXCLUDE|lexington|lexingtonurl55.json
|||FALSE||boston|lexingtonurl51.json
|||FALSE||lee|lexingtonurl48.json
|||FALSE||richmond|lexingtonurl5.json
|||FALSE||washington|lexingtonurl49.json
|||FALSE||washington|lexingtonurl50.json
|||FALSE||washington|lexingtonurl52.json
|||FALSE||washington|lexingtonurl54.json
|||FALSE||washington|lexingtonurl47.json
|||FALSE||florida|lexingtonurl53.json
|EXCLUDE||FALSE|EXCLUDE|lexington|lexingtonurl46.json
|EXCLUDE||TRUE|EXCLUDE|boston|lexingtonurl56.json
|||FALSE||florida|lexingtonurl9.json
"|EXCLUDE|Good, but all MA|TRUE|NA|lynn|lynnurl12.json"
|||FALSE||washington|lexingtonurl59.json
|EXCLUDE||TRUE|EXCLUDE|boston|lexingtonurl61.json
|EXCLUDE||FALSE|EXCLUDE|florida|lexingtonurl60.json
|NA||FALSE|NA|cambridge|lynnurl10.json
|NA||FALSE|NA|amherst|lynnurl1.json
|||FALSE||boston|lexingtonurl8.json
|NA||FALSE|NA|orange|lynnurl11.json
|EXCLUDE||FALSE|EXCLUDE|boston|lexingtonurl7.json
|||FALSE||hudson|lexingtonurl57.json
|NA||FALSE|NA|washington|lynnurl15.json
|NA||FALSE|NA|boston|lynnurl14.json
|NA||FALSE|NA|richmond|lynnurl18.json
|NA||FALSE|NA|washington|lynnurl13.json
|NA||FALSE|NA|lynn|lynnurl16.json
|NA||FALSE|NA|washington|lynnurl17.json
|NA||FALSE|NA|wilmington|lynnurl19.json
|NA||FALSE|NA|washington|lynnurl20.json
|NA||FALSE|NA|gloucester|lynnurl2.json
|NA||FALSE|NA|hatfield|lynnurl21.json
|NA||FALSE|NA|clarksburg|lynnurl22.json
|NA||FALSE|NA|lynn|lynnurl30.json
|NA||FALSE|NA|marblehead|lynnurl23.json
|NA||FALSE|NA|washington|lynnurl25.json
|NA||FALSE|NA|winthrop|lynnurl26.json
|NA||FALSE|NA|washington|lynnurl27.json
|NA||FALSE|NA|washington|lynnurl24.json
|NA||FALSE|NA|florida|lynnurl29.json
|NA||FALSE|NA|amherst|lynnurl3.json
|NA||FALSE|NA|florida|lynnurl37.json
|NA||FALSE|NA|boston|lynnurl28.json
|NA||FALSE|NA|washington|lynnurl32.json
|NA||FALSE|NA|montgomery|lynnurl34.json
|NA||FALSE|NA|oxford|lynnurl36.json
|NA||FALSE|NA|boston|lynnurl35.json
|NA||FALSE|NA|orleans|lynnurl33.json
|NA||FALSE|NA|washington|lynnurl39.json
|NA||FALSE|NA|washington|lynnurl31.json
|NA||FALSE|NA|washington|lynnurl38.json
|NA||FALSE|NA|belchertown|lynnurl44.json
NC|INCLUDE|Climate imacts of built environment planning|TRUE|NA|lynn|lynnurl40.json
|NA||FALSE|NA|cambridge|lynnurl42.json
|NA||FALSE|NA|boston|lynnurl43.json
NC|INCLUDE||TRUE|NA|lynn|lynnurl4.json
|NA||FALSE|NA|boston|lynnurl48.json
|NA||FALSE|NA|worcester|lynnurl47.json
|NA||FALSE|NA|washington|lynnurl46.json
|NA||FALSE|NA|sterling|lynnurl41.json
|NA||FALSE|NA|washington|lynnurl49.json
|NA||FALSE|NA|washington|lynnurl54.json
|NA||FALSE|NA|harvard|lynnurl55.json
|NA||FALSE|NA|lincoln|lynnurl52.json
"NC|EXCLUDE|Good, but all MA|TRUE|NA|boston|lynnurl45.json"
|NA||FALSE|NA|springfield|lynnurl6.json
|NA||FALSE|NA|easton|lynnurl5.json
|NA||FALSE|NA|washington|lynnurl57.json
|NA||FALSE|NA|washington|lynnurl50.json
|NA||FALSE|NA|cambridge|lynnurl51.json
|NA||FALSE|NA|florida|lynnurl7.json
|INCLUDE||FALSE|INCLUDE|boston|maldenurl1.json
|NA||FALSE|NA|harvard|lynnurl53.json
|||FALSE||sharon|maldenurl10.json
|NA||FALSE|NA|salem|lynnurl8.json
|NA||FALSE|NA|washington|lynnurl56.json
|NA||FALSE|NA|washington|lynnurl9.json
|||FALSE||tyringham|maldenurl11.json
|||FALSE||boston|maldenurl14.json
|||FALSE||harvard|maldenurl13.json
|||FALSE||malden|maldenurl15.json
|EXCLUDE||FALSE|EXCLUDE|boston|maldenurl12.json
|||FALSE||boston|maldenurl17.json
|EXCLUDE||FALSE|EXCLUDE|blackstone|maldenurl2.json
|EXCLUDE||FALSE|EXCLUDE|boston|maldenurl20.json
|EXCLUDE||FALSE|EXCLUDE|boston|maldenurl19.json
|||FALSE||cambridge|maldenurl16.json
|||FALSE||malden|maldenurl24.json
|||FALSE||florida|maldenurl18.json
|EXCLUDE||TRUE|EXCLUDE|boston|maldenurl26.json
|||FALSE||cambridge|maldenurl22.json
|EXCLUDE||FALSE|EXCLUDE|boston|maldenurl3.json
|EXCLUDE||TRUE|EXCLUDE|boston|maldenurl21.json
|INCLUDE||TRUE|INCLUDE|medford|maldenurl25.json
|EXCLUDE||TRUE|EXCLUDE|boston|maldenurl29.json
|EXCLUDE||FALSE|EXCLUDE|methuen|maldenurl28.json
|||FALSE||washington|maldenurl27.json
|EXCLUDE||TRUE|EXCLUDE|boston|maldenurl30.json
|||FALSE||cambridge|maldenurl37.json
|||FALSE||washington|maldenurl32.json
|||FALSE||framingham|maldenurl31.json
|||FALSE||boston|maldenurl33.json
|||FALSE||webster|maldenurl35.json
|||FALSE||boston|maldenurl39.json
|||FALSE||washington|maldenurl43.json
|INCLUDE||TRUE|INCLUDE|medford|maldenurl4.json
|EXCLUDE||TRUE|EXCLUDE|wilmington|maldenurl36.json
|||FALSE||newbury|maldenurl34.json
|||FALSE||florida|maldenurl38.json
|||FALSE||washington|maldenurl40.json
|||FALSE||washington|maldenurl41.json
|EXCLUDE||FALSE|EXCLUDE|boston|maldenurl44.json
|||FALSE||malden|maldenurl42.json
|||FALSE||boston|maldenurl45.json
|||FALSE||weston|maldenurl46.json
|||FALSE||boston|maldenurl50.json
|||FALSE||cambridge|maldenurl52.json
|||FALSE||russell|maldenurl48.json
|||FALSE||orleans|maldenurl47.json
|||FALSE||cambridge|maldenurl49.json
|||FALSE||reading|maldenurl53.json
|||FALSE||templeton|maldenurl55.json
|INCLUDE||FALSE|INCLUDE|somerville|maldenurl5.json
|EXCLUDE||TRUE|EXCLUDE|boston|maldenurl51.json
|EXCLUDE||FALSE|EXCLUDE|worcester|maldenurl6.json
|||FALSE||reading|maldenurl56.json
|||FALSE||washington|maldenurl54.json
|||FALSE||washington|maldenurl59.json
|INCLUDE||TRUE|INCLUDE|chelsea|maldenurl7.json
|||FALSE||boston|maldenurl58.json
|||FALSE||holden|maldenurl8.json
|||FALSE||washington|maldenurl57.json
|INCLUDE||FALSE|INCLUDE|boston|medfordurl11.json
|||FALSE||orange|maldenurl61.json
|||FALSE||shirley|medfordurl1.json
|INCLUDE||FALSE|INCLUDE|boston|maldenurl9.json
|||FALSE||washington|maldenurl62.json
|||FALSE||washington|maldenurl60.json
|||FALSE||amherst|medfordurl16.json
|||FALSE||orange|medfordurl10.json
|||FALSE||sutton|medfordurl12.json
|||FALSE||washington|medfordurl13.json
|||FALSE||orange|medfordurl14.json
|INCLUDE||TRUE|INCLUDE|somerville|medfordurl17.json
|INCLUDE||TRUE|INCLUDE|boston|medfordurl2.json
|EXCLUDE||FALSE|EXCLUDE|boston|medfordurl18.json
|||FALSE||florida|medfordurl19.json
|||FALSE||washington|medfordurl23.json
|||FALSE||boston|medfordurl22.json
|EXCLUDE||FALSE|EXCLUDE|medford|medfordurl21.json
|||FALSE||wales|medfordurl25.json
|||FALSE||boston|medfordurl28.json
|||FALSE||douglas|medfordurl24.json
|||FALSE||foxborough|medfordurl3.json
|||FALSE||westhampton|medfordurl29.json
|||FALSE||cambridge|medfordurl27.json
|||FALSE||amherst|medfordurl35.json
|EXCLUDE||TRUE|EXCLUDE|boston|medfordurl31.json
|||FALSE||princeton|medfordurl36.json
|||FALSE||washington|medfordurl33.json
|||FALSE||washington|medfordurl37.json
|INCLUDE||FALSE|INCLUDE|somerville|medfordurl4.json
|EXCLUDE||FALSE|EXCLUDE|boston|medfordurl39.json
|||FALSE||worcester|medfordurl38.json
|EXCLUDE||TRUE|EXCLUDE|boston|medfordurl32.json
|||FALSE||cambridge|medfordurl42.json
|INCLUDE||TRUE|INCLUDE|medford|medfordurl5.json
|||FALSE||washington|medfordurl40.json
|EXCLUDE||TRUE|EXCLUDE|boston|melroseurl13.json
|||FALSE||medford|medfordurl41.json
|||FALSE||worcester|melroseurl1.json
|||FALSE||boston|medfordurl8.json
|||FALSE||washington|medfordurl6.json
|||FALSE||orange|medfordurl7.json
|EXCLUDE||TRUE|EXCLUDE|boston|melroseurl10.json
|EXCLUDE||FALSE|EXCLUDE|revere|melroseurl12.json
|||FALSE||maynard|melroseurl11.json
|||FALSE||boston|melroseurl14.json
|EXCLUDE||FALSE|EXCLUDE|milford|melroseurl16.json
|||FALSE||orange|melroseurl18.json
|||FALSE||cambridge|melroseurl21.json
|||FALSE||florida|melroseurl17.json
|||FALSE||boston|melroseurl23.json
|||FALSE||bourne|melroseurl20.json
|EXCLUDE||TRUE|EXCLUDE|boston|melroseurl19.json
|||FALSE||washington|melroseurl15.json
|INCLUDE||FALSE|INCLUDE|revere|melroseurl2.json
|||FALSE||None|melroseurl32.json
|EXCLUDE||TRUE|EXCLUDE|boston|melroseurl22.json
|||FALSE||adams|melroseurl24.json
|INCLUDE||TRUE|INCLUDE|boston|melroseurl27.json
|EXCLUDE||TRUE|EXCLUDE|winthrop|melroseurl3.json
|||FALSE||washington|melroseurl29.json
|||FALSE||florida|melroseurl26.json
|||FALSE||hudson|melroseurl34.json
NC|INCLUDE||TRUE||saugus|melroseurl25.json
|||FALSE||washington|melroseurl33.json
|||FALSE||hull|melroseurl36.json
|||FALSE||florida|melroseurl35.json
|||FALSE||wales|melroseurl30.json
|||FALSE||boston|melroseurl28.json
|||FALSE||wenham|melroseurl39.json
|||FALSE||melrose|melroseurl38.json
|||FALSE||boston|melroseurl4.json
|||FALSE||boston|melroseurl37.json
|||FALSE||melrose|melroseurl47.json
|INCLUDE||TRUE|INCLUDE|boston|melroseurl51.json
|EXCLUDE||TRUE|EXCLUDE|boston|melroseurl40.json
|EXCLUDE||TRUE|EXCLUDE|boston|melroseurl42.json
|EXCLUDE||FALSE|EXCLUDE|boston|melroseurl41.json
|||FALSE||aquinnah|melroseurl43.json
|||FALSE||lexington|melroseurl46.json
|||FALSE||douglas|melroseurl48.json
|||FALSE||warwick|melroseurl52.json
|||FALSE||washington|melroseurl49.json
|||FALSE||washington|melroseurl45.json
|EXCLUDE||TRUE|EXCLUDE|boston|melroseurl54.json
|||FALSE||cambridge|melroseurl53.json
|||FALSE||washington|melroseurl56.json
|EXCLUDE||TRUE|EXCLUDE|cambridge|melroseurl5.json
|INCLUDE||TRUE|INCLUDE|boston|melroseurl6.json
|NA||FALSE|NA|boston|miltonurl1.json
|||FALSE||washington|melroseurl58.json
|||FALSE||florida|melroseurl8.json
|||FALSE||washington|melroseurl60.json
|||FALSE||avon|melroseurl57.json
|||FALSE||lincoln|melroseurl7.json
|||FALSE||hudson|melroseurl9.json
NC|EXCLUDE||TRUE|NA|boston|miltonurl12.json
|NA||FALSE|NA|chelsea|miltonurl10.json
|NA||FALSE|NA|florida|miltonurl13.json
|NA||FALSE|NA|wilmington|miltonurl17.json
|NA||FALSE|NA|salem|miltonurl22.json
|NA||FALSE|NA|washington|miltonurl18.json
|NA||FALSE|NA|cambridge|miltonurl11.json
|NA||FALSE|NA|dover|miltonurl15.json
|NA||FALSE|NA|harvard|miltonurl14.json
|NA||FALSE|NA|washington|miltonurl19.json
|NA||FALSE|NA|bolton|miltonurl23.json
|NA||FALSE|NA|warwick|miltonurl16.json
|NA||FALSE|NA|boston|miltonurl3.json
NC|INCLUDE||TRUE|NA|milton|miltonurl24.json
|NA||FALSE|NA|washington|miltonurl27.json
|NA||FALSE|NA|chatham|miltonurl21.json
|NA||FALSE|NA|framingham|miltonurl20.json
|NA||FALSE|NA|franklin|miltonurl25.json
|NA||FALSE|NA|washington|miltonurl29.json
|NA||FALSE|NA|milford|miltonurl34.json
|NA||FALSE|NA|boston|miltonurl30.json
|NA||FALSE|NA|warwick|miltonurl28.json
|NA||FALSE|NA|lee|miltonurl31.json
|NA||FALSE|NA|north reading|miltonurl26.json
|NA||FALSE|NA|washington|miltonurl32.json
|NA||FALSE|NA|heath|miltonurl38.json
|NA||FALSE|NA|florida|miltonurl33.json
|NA||FALSE|NA|washington|miltonurl37.json
NC|EXCLUDE|All MA|TRUE|NA|boston|miltonurl40.json
|NA||FALSE|NA|washington|miltonurl41.json
|NA||FALSE|NA|rutland|miltonurl36.json
|NA||FALSE|NA|washington|miltonurl35.json
|NA||FALSE|NA|boston|miltonurl4.json
|NA||FALSE|NA|washington|miltonurl43.json
|NA||FALSE|NA|cambridge|miltonurl39.json
|NA||FALSE|NA|russell|miltonurl49.json
|NA||FALSE|NA|essex|miltonurl45.json
|NA||FALSE|NA|cambridge|miltonurl44.json
|NA||FALSE|NA|concord|miltonurl42.json
|NA||FALSE|NA|washington|miltonurl47.json
|NA||FALSE|NA|cambridge|miltonurl46.json
|NA||FALSE|NA|warren|miltonurl5.json
|NA||FALSE|NA|florida|miltonurl48.json
|NA||FALSE|NA|oxford|miltonurl51.json
|NA||FALSE|NA|None|miltonurl8.json
|NA||FALSE|NA|washington|miltonurl54.json
|NA||FALSE|NA|cambridge|miltonurl53.json
|NA||FALSE|NA|cambridge|miltonurl52.json
|NA||FALSE|NA|florida|miltonurl55.json
|NA||FALSE|NA|sharon|miltonurl6.json
|NA||FALSE|NA|washington|miltonurl56.json
|NA||FALSE|NA|otis|miltonurl7.json
NC|INCLUDE|It's what we want!|TRUE|NA|needham|needhamurl1.json
|NA||FALSE|NA|lynn|miltonurl9.json
|NA||FALSE|NA|boston|needhamurl10.json
|NA||FALSE|NA|washington|needhamurl11.json
|NA||FALSE|NA|washington|needhamurl12.json
|NA||FALSE|NA|needham|needhamurl13.json
|NA||FALSE|NA|cambridge|needhamurl17.json
NC|EXCLUDE||TRUE|NA|boston|needhamurl19.json
|NA||FALSE|NA|washington|needhamurl16.json
|NA||FALSE|NA|hudson|needhamurl21.json
|NA||FALSE|NA|florida|needhamurl14.json
NC|EXCLUDE||TRUE|NA|needham|needhamurl15.json
|NA||FALSE|NA|lexington|needhamurl20.json
|NA||FALSE|NA|rutland|needhamurl25.json
|NA||FALSE|NA|needham|needhamurl22.json
|NA||FALSE|NA|boston|needhamurl2.json
|NA||FALSE|NA|boston|needhamurl18.json
|NA||FALSE|NA|florida|needhamurl23.json
NC|INCLUDE|Boston Harbor Islands?|TRUE|NA|boston|needhamurl24.json
|NA||FALSE|NA|franklin|needhamurl27.json
|NA||FALSE|NA|boston|needhamurl28.json
|NA||FALSE|NA|florida|needhamurl29.json
|NA||FALSE|NA|gill|needhamurl30.json
|NA||FALSE|NA|lee|needhamurl26.json
NC|EXCLUDE||TRUE|NA|boston|needhamurl32.json
|NA||FALSE|NA|washington|needhamurl3.json
|NA||FALSE|NA|rowe|needhamurl33.json
|NA||FALSE|NA|needham|needhamurl36.json
NC|EXCLUDE||TRUE|NA|boston|needhamurl4.json
|NA||FALSE|NA|washington|needhamurl31.json
|NA||FALSE|NA|washington|needhamurl40.json
|NA||FALSE|NA|lawrence|needhamurl41.json
|NA||FALSE|NA|franklin|needhamurl39.json
|NA||FALSE|NA|cambridge|needhamurl35.json
|NA||FALSE|NA|boston|needhamurl42.json
|NA||FALSE|NA|gill|needhamurl44.json
|NA||FALSE|NA|washington|needhamurl45.json
NC|EXCLUDE||TRUE|NA|boston|needhamurl43.json
|NA||FALSE|NA|boston|needhamurl34.json
|NA||FALSE|NA|orange|needhamurl37.json
|NA||FALSE|NA|florida|needhamurl46.json
|NA||FALSE|NA|taunton|needhamurl52.json
NC|EXCLUDE||TRUE|NA|boston|needhamurl49.json
|NA||FALSE|NA|boston|needhamurl50.json
|NA||FALSE|NA|washington|needhamurl5.json
|NA||FALSE|NA|washington|needhamurl53.json
|NA||FALSE|NA|boston|needhamurl55.json
|NA||FALSE|NA|lexington|needhamurl51.json
|NA||FALSE|NA|weymouth|needhamurl47.json
|NA||FALSE|NA|worcester|needhamurl6.json
|NA||FALSE|NA|newton|newtonurl10.json
|NA||FALSE|NA|florida|needhamurl7.json
|NA||FALSE|NA|lee|needhamurl54.json
|NA||FALSE|NA|bourne|needhamurl48.json
|NA||FALSE|NA|boston|needhamurl8.json
|NA||FALSE|NA|boston|newtonurl11.json
|NA||FALSE|NA|boston|newtonurl1.json
|NA||FALSE|NA|somerville|newtonurl13.json
|NA||FALSE|NA|holden|newtonurl17.json
|NA||FALSE|NA|florida|newtonurl15.json
|NA||FALSE|NA|wilmington|newtonurl18.json
|NA||FALSE|NA|washington|newtonurl19.json
|NA||FALSE|NA|washington|newtonurl12.json
|NA||FALSE|NA|washington|newtonurl16.json
|NA||FALSE|NA|washington|newtonurl14.json
|NA||FALSE|NA|amherst|newtonurl2.json
NC|EXCLUDE||TRUE|NA|boston|newtonurl21.json
NC|EXCLUDE||TRUE|NA|newton|newtonurl23.json
|NA||FALSE|NA|florida|newtonurl20.json
|NA||FALSE|NA|georgetown|newtonurl22.json
|NA||FALSE|NA|washington|newtonurl26.json
NC|EXCLUDE||TRUE|NA|boston|newtonurl24.json
|NA||FALSE|NA|washington|newtonurl27.json
|NA||FALSE|NA|washington|newtonurl29.json
|NA||FALSE|NA|cambridge|newtonurl25.json
|NA||FALSE|NA|barnstable|newtonurl3.json
|NA||FALSE|NA|harvard|newtonurl30.json
|NA||FALSE|NA|washington|newtonurl28.json
|NA||FALSE|NA|washington|newtonurl34.json
|NA||FALSE|NA|boston|newtonurl37.json
NC|EXCLUDE||TRUE|NA|newton|newtonurl36.json
NC|INCLUDE||TRUE|NA|cambridge|newtonurl4.json
NC|EXCLUDE||TRUE|NA|boston|newtonurl33.json
|NA||FALSE|NA|boston|newtonurl35.json
|NA||FALSE|NA|washington|newtonurl31.json
|NA||FALSE|NA|orange|newtonurl38.json
|NA||FALSE|NA|boston|newtonurl45.json
|NA||FALSE|NA|boston|newtonurl48.json
|NA||FALSE|NA|sutton|newtonurl43.json
|NA||FALSE|NA|russell|newtonurl40.json
|NA||FALSE|NA|florida|newtonurl39.json
|NA||FALSE|NA|needham|newtonurl46.json
|NA||FALSE|NA|rowe|newtonurl42.json
|NA||FALSE|NA|washington|newtonurl41.json
|NA||FALSE|NA|montague|newtonurl49.json
|NA||FALSE|NA|boston|newtonurl5.json
NC|EXCLUDE||TRUE|NA|boston|newtonurl52.json
|NA||FALSE|NA|orleans|newtonurl55.json
|NA||FALSE|NA|dudley|newtonurl53.json
NC|EXCLUDE||TRUE|NA|boston|newtonurl54.json
|NA||FALSE|NA|orleans|newtonurl47.json
NC|EXCLUDE|Town by town case study?|TRUE|NA|boston|newtonurl50.json
|NA||FALSE|NA|washington|newtonurl57.json
|NA||FALSE|NA|groton|newtonurl51.json
|NA||FALSE|NA|boston|newtonurl6.json
|NA||FALSE|NA|washington|newtonurl59.json
|NA||FALSE|NA|grafton|newtonurl56.json
|NA||FALSE|NA|newton|newtonurl63.json
|NA||FALSE|NA|barnstable|newtonurl64.json
NC|EXCLUDE|Not Boston or ACRES town|TRUE|NA|boston|newtonurl58.json
NC|EXCLUDE|Does address flooding but not a climate report|TRUE|NA|boston|newtonurl61.json
NC|EXCLUDE||TRUE|NA|boston|newtonurl66.json
|NA||FALSE|NA|hudson|newtonurl62.json
|NA||FALSE|NA|maynard|newtonurl60.json
|NA||FALSE|NA|boston|newtonurl70.json
|NA||FALSE|NA|washington|newtonurl67.json
|NA||FALSE|NA|washington|newtonurl65.json
NC|INCLUDE||TRUE|NA|quincy|quincyurl1.json
|NA||FALSE|NA|wilmington|newtonurl69.json
|NA||FALSE|NA|newton|newtonurl8.json
|NA||FALSE|NA|boston|newtonurl68.json
|NA||FALSE|NA|orleans|newtonurl7.json
|NA||FALSE|NA|cambridge|newtonurl72.json
|NA||FALSE|NA|chelsea|newtonurl73.json
|NA||FALSE|NA|boston|newtonurl9.json
NC|EXCLUDE|Request for proposals |TRUE|NA|boston|quincyurl13.json
|NA||FALSE|NA|boston|newtonurl71.json
NC|EXCLUDE||TRUE|NA|boston|quincyurl10.json
|NA||FALSE|NA|hamilton|quincyurl16.json
|NA||FALSE|NA|boston|quincyurl14.json
|NA||FALSE|NA|boston|quincyurl18.json
NC|EXCLUDE||TRUE|NA|boston|quincyurl19.json
|NA||FALSE|NA|washington|quincyurl15.json
NC|EXCLUDE||TRUE|NA|boston|quincyurl11.json
|NA||FALSE|NA|washington|quincyurl12.json
|NA||FALSE|NA|boston|quincyurl17.json
|NA||FALSE|NA|foxborough|quincyurl21.json
|NA||FALSE|NA|washington|quincyurl23.json
|NA||FALSE|NA|washington|quincyurl25.json
|NA||FALSE|NA|boston|quincyurl20.json
|NA||FALSE|NA|quincy|quincyurl26.json
|NA||FALSE|NA|chester|quincyurl22.json
|NA||FALSE|NA|boston|quincyurl2.json
|NA||FALSE|NA|boston|quincyurl3.json
NC|EXCLUDE||TRUE|NA|cambridge|quincyurl28.json
|NA||FALSE|NA|boston|quincyurl29.json
|NA||FALSE|NA|boston|quincyurl24.json
|NA||FALSE|NA|boston|quincyurl27.json
|NA||FALSE|NA|lawrence|quincyurl33.json
|NA||FALSE|NA|worcester|quincyurl30.json
|NA||FALSE|NA|quincy|quincyurl38.json
|NA||FALSE|NA|quincy|quincyurl34.json
|NA||FALSE|NA|melrose|quincyurl31.json
|NA||FALSE|NA|florida|quincyurl36.json
|NA||FALSE|NA|boston|quincyurl37.json
|NA||FALSE|NA|peabody|quincyurl35.json
|NA||FALSE|NA|boston|quincyurl40.json
|NA||FALSE|NA|boston|quincyurl39.json
|NA||FALSE|NA|adams|quincyurl32.json
|NA||FALSE|NA|boston|quincyurl4.json
NC|EXCLUDE||TRUE|NA|boston|quincyurl41.json
|NA||FALSE|NA|florida|quincyurl43.json
|NA||FALSE|NA|washington|quincyurl44.json
|NA||FALSE|NA|westhampton|quincyurl45.json
"NC|EXCLUDE|Includes 1-2 points about concerns re: climate change on park infrastructure, but is primarily a report ABOUT the park|TRUE|NA|saugus|quincyurl48.json"
|NA||FALSE|NA|falmouth|quincyurl42.json
|NA||FALSE|NA|webster|quincyurl47.json
|NA||FALSE|NA|washington|quincyurl52.json
|NA||FALSE|NA|orleans|quincyurl49.json
|NA||FALSE|NA|boston|quincyurl46.json
"NC|EXCLUDE|Good, but all MA coast|TRUE|NA|boston|quincyurl5.json"
|NA||FALSE|NA|natick|quincyurl54.json
|NA||FALSE|NA|boston|quincyurl51.json
|NA||FALSE|NA|washington|quincyurl53.json
NC|EXCLUDE|MBTA reach|TRUE|NA|boston|quincyurl59.json
|NA||FALSE|NA|salem|quincyurl58.json
|NA||FALSE|NA|washington|quincyurl50.json
|NA||FALSE|NA|cambridge|quincyurl55.json
|NA||FALSE|NA|washington|quincyurl57.json
|NA||FALSE|NA|weymouth|quincyurl56.json
|NA||FALSE|NA|boston|quincyurl63.json
|NA||FALSE|NA|warren|quincyurl64.json
|NA||FALSE|NA|boston|quincyurl6.json
|NA||FALSE|NA|harvard|quincyurl61.json
|NA||FALSE|NA|nantucket|quincyurl9.json
NC|EXCLUDE||TRUE|NA|boston|quincyurl62.json
|||FALSE||gloucester|readingurl1.json
|NA||FALSE|NA|amherst|quincyurl7.json
|NA||FALSE|NA|concord|quincyurl8.json
|NA||FALSE|NA|orange|quincyurl60.json
|||FALSE||orleans|readingurl11.json
|||FALSE||florida|readingurl10.json
|||FALSE||lee|readingurl15.json
|||FALSE||avon|readingurl14.json
|||FALSE||lee|readingurl13.json
|||FALSE||washington|readingurl17.json
|||FALSE||washington|readingurl12.json
|||FALSE||amherst|readingurl16.json
|||FALSE||washington|readingurl18.json
|||FALSE||washington|readingurl2.json
|EXCLUDE||FALSE|EXCLUDE|florida|readingurl23.json
|||FALSE||washington|readingurl25.json
|||FALSE||boston|readingurl22.json
|||FALSE||washington|readingurl19.json
|||FALSE||georgetown|readingurl24.json
|INCLUDE||FALSE|INCLUDE|cambridge|readingurl3.json
|||FALSE||berlin|readingurl20.json
|EXCLUDE||TRUE|EXCLUDE|boston|readingurl21.json
|||FALSE||richmond|readingurl29.json
|||FALSE||washington|readingurl26.json
|||FALSE||peru|readingurl31.json
|||FALSE||sterling|readingurl27.json
|||FALSE||washington|readingurl32.json
|||FALSE||washington|readingurl30.json
|||FALSE||hudson|readingurl34.json
|||FALSE||georgetown|readingurl35.json
|||FALSE||washington|readingurl33.json
|||FALSE||florida|readingurl36.json
|||FALSE||harvard|readingurl40.json
|||FALSE||reading|readingurl41.json
|||FALSE||orleans|readingurl4.json
|||FALSE||lee|readingurl38.json
|||FALSE||washington|readingurl42.json
|||FALSE||reading|readingurl43.json
|||FALSE||sterling|readingurl37.json
|||FALSE||reading|readingurl49.json
|||FALSE||russell|readingurl44.json
|||FALSE||florida|readingurl39.json
|EXCLUDE||FALSE|EXCLUDE|palmer|readingurl46.json
|||FALSE||florida|readingurl48.json
|||FALSE||boston|readingurl52.json
|||FALSE||washington|readingurl50.json
|||FALSE||hudson|readingurl45.json
|||FALSE||cambridge|readingurl53.json
|||FALSE||worcester|readingurl5.json
|||FALSE||washington|readingurl54.json
|||FALSE||lee|readingurl51.json
|||FALSE||reading|readingurl59.json
|||FALSE||georgetown|readingurl58.json
|EXCLUDE||FALSE|EXCLUDE|hancock|readingurl6.json
|||FALSE||washington|readingurl56.json
|||FALSE||washington|readingurl8.json
|||FALSE||boston|revereurl11.json
|||FALSE||cambridge|readingurl57.json
|||FALSE||washington|readingurl9.json
|||FALSE||hull|revereurl10.json
|EXCLUDE||TRUE|EXCLUDE|revere|revereurl15.json
|||FALSE||quincy|revereurl12.json
|||FALSE||princeton|readingurl7.json
|||FALSE||boston|revereurl14.json
|||FALSE||barnstable|revereurl1.json
|EXCLUDE||FALSE|EXCLUDE|boston|revereurl16.json
|INCLUDE||FALSE|INCLUDE|harvard|revereurl19.json
|INCLUDE||TRUE|INCLUDE|revere|revereurl2.json
|INCLUDE||FALSE|INCLUDE|boston|revereurl17.json
|INCLUDE||FALSE|INCLUDE|everett|revereurl18.json
|||FALSE||boston|revereurl13.json
|||FALSE||barnstable|revereurl23.json
|EXCLUDE||TRUE|EXCLUDE|boston|revereurl25.json
|EXCLUDE||TRUE|EXCLUDE|boston|revereurl20.json
|||FALSE||new bedford|revereurl21.json
|EXCLUDE||FALSE|EXCLUDE|barnstable|revereurl27.json
|||FALSE||washington|revereurl22.json
|||FALSE||washington|revereurl24.json
|||FALSE||nahant|revereurl28.json
|||FALSE||barnstable|revereurl3.json
|||FALSE||boston|revereurl30.json
|EXCLUDE||FALSE|EXCLUDE|warren|revereurl34.json
|EXCLUDE||FALSE|EXCLUDE|boston|revereurl29.json
|EXCLUDE||FALSE|EXCLUDE|revere|revereurl32.json
|||FALSE||revere|revereurl33.json
|||FALSE||westhampton|revereurl26.json
|||FALSE||washington|revereurl31.json
|||FALSE||salem|revereurl36.json
|INCLUDE||TRUE|INCLUDE|revere|revereurl4.json
|||FALSE||salem|revereurl37.json
|||FALSE||washington|revereurl39.json
|||FALSE||washington|revereurl38.json
|||FALSE||washington|revereurl40.json
|||FALSE||orange|revereurl7.json
|INCLUDE||TRUE|INCLUDE|revere|revereurl5.json
|EXCLUDE||FALSE|EXCLUDE|everett|revereurl6.json
|NA||FALSE|NA|saugus|saugusurl1.json
|||FALSE||orange|revereurl9.json
|EXCLUDE||TRUE|EXCLUDE|boston|revereurl8.json
|||FALSE||washington|revereurl43.json
|||FALSE||florida|revereurl41.json
|NA||FALSE|NA|florida|saugusurl10.json
|||FALSE||washington|revereurl42.json
|EXCLUDE||TRUE|NA|boston|saugusurl12.json
|NA||FALSE|NA|boston|saugusurl14.json
|NA||FALSE|NA|mashpee|saugusurl11.json
|NA||FALSE|NA|boston|saugusurl15.json
|NA||FALSE|NA|weymouth|saugusurl17.json
|NA||FALSE|NA|lynn|saugusurl13.json
|NA||FALSE|NA|winthrop|saugusurl16.json
|NA||FALSE|NA|revere|saugusurl24.json
|NA||FALSE|NA|barnstable|saugusurl20.json
|EXCLUDE||TRUE|NA|boston|saugusurl21.json
|INCLUDE||TRUE|NA|lynn|saugusurl2.json
|NA||FALSE|NA|princeton|saugusurl19.json
|EXCLUDE||TRUE|NA|lynn|saugusurl18.json
|INCLUDE|Boston harbor islands|TRUE|NA|boston|saugusurl27.json
|NA||FALSE|NA|boston|saugusurl23.json
|INCLUDE||TRUE|NA|somerville|saugusurl29.json
|NA||FALSE|NA|boston|saugusurl22.json
|NA||FALSE|NA|lawrence|saugusurl26.json
|NA||FALSE|NA|lynn|saugusurl3.json
|NA||FALSE|NA|boston|saugusurl28.json
|NA||FALSE|NA|florida|saugusurl25.json
|NA||FALSE|NA|florida|saugusurl33.json
|NA||FALSE|NA|swampscott|saugusurl30.json
|EXCLUDE||TRUE|NA|everett|saugusurl34.json
|NA||FALSE|NA|boston|saugusurl31.json
|NA||FALSE|NA|washington|saugusurl36.json
|NA||FALSE|NA|florida|saugusurl35.json
|NA||FALSE|NA|washington|saugusurl32.json
|NA||FALSE|NA|saugus|saugusurl5.json
|NA||FALSE|NA|saugus|saugusurl6.json
|NA||FALSE|NA|washington|saugusurl38.json
|NA||FALSE|NA|washington|saugusurl37.json
|NA||FALSE|NA|boston|saugusurl9.json
|NA||FALSE|NA|revere|saugusurl4.json
|||FALSE||washington|somervilleurl12.json
|NA||FALSE|NA|revere|saugusurl7.json
|||FALSE||georgetown|somervilleurl11.json
|INCLUDE||FALSE|INCLUDE|somerville|somervilleurl1.json
|||FALSE||salem|somervilleurl16.json
|INCLUDE||TRUE|INCLUDE|somerville|somervilleurl10.json
|NA||FALSE|NA|boston|saugusurl8.json
|INCLUDE||FALSE|INCLUDE|boston|somervilleurl14.json
|||FALSE||boston|somervilleurl15.json
|EXCLUDE||FALSE|EXCLUDE|florida|somervilleurl20.json
|INCLUDE||TRUE|INCLUDE|boston|somervilleurl2.json
|||FALSE||washington|somervilleurl17.json
|EXCLUDE||TRUE|EXCLUDE|boston|somervilleurl18.json
|EXCLUDE||FALSE|EXCLUDE|washington|somervilleurl21.json
|||FALSE||wilmington|somervilleurl13.json
|EXCLUDE||TRUE|EXCLUDE|somerville|somervilleurl27.json
|||FALSE||wilmington|somervilleurl19.json
|||FALSE||cambridge|somervilleurl24.json
|||FALSE||lawrence|somervilleurl22.json
|EXCLUDE||TRUE|EXCLUDE|somerville|somervilleurl3.json
|||FALSE||arlington|somervilleurl23.json
|||FALSE||washington|somervilleurl31.json
|||FALSE||florida|somervilleurl26.json
|||FALSE||somerville|somervilleurl28.json
|EXCLUDE||TRUE|EXCLUDE|boston|somervilleurl29.json
|INCLUDE||FALSE|INCLUDE|boston|somervilleurl4.json
|||FALSE||somerville|somervilleurl8.json
|||FALSE||boston|somervilleurl30.json
|||FALSE||orange|somervilleurl25.json
|||FALSE||boston|somervilleurl9.json
|||FALSE||somerville|somervilleurl5.json
|EXCLUDE||FALSE|EXCLUDE|somerville|somervilleurl6.json
|||FALSE||washington|somervilleurl7.json
|||FALSE||woburn|stonehamurl10.json
|||FALSE||hull|stonehamurl1.json
|||FALSE||washington|stonehamurl11.json
|||FALSE||washington|stonehamurl19.json
|||FALSE||oxford|stonehamurl13.json
|||FALSE||boston|stonehamurl12.json
|EXCLUDE||TRUE|EXCLUDE|woburn|stonehamurl2.json
|||FALSE||falmouth|stonehamurl16.json
|||FALSE||wakefield|stonehamurl18.json
|||FALSE||warren|stonehamurl17.json
|||FALSE||hamilton|stonehamurl20.json
|||FALSE||lincoln|stonehamurl14.json
|EXCLUDE||TRUE|EXCLUDE|boston|stonehamurl21.json
|EXCLUDE||TRUE|EXCLUDE|boston|stonehamurl25.json
|||FALSE||harvard|stonehamurl29.json
|||FALSE||lowell|stonehamurl22.json
|||FALSE||wareham|stonehamurl27.json
|||FALSE||lincoln|stonehamurl23.json
|||FALSE||scituate|stonehamurl28.json
|||FALSE||stoneham|stonehamurl26.json
|EXCLUDE||TRUE|EXCLUDE|boston|stonehamurl3.json
|||FALSE||medford|stonehamurl24.json
|||FALSE||orange|stonehamurl32.json
|INCLUDE||TRUE|INCLUDE|boston|stonehamurl31.json
|||FALSE||peabody|stonehamurl36.json
|||FALSE||wales|stonehamurl30.json
|||FALSE||florida|stonehamurl38.json
|EXCLUDE||TRUE|EXCLUDE|boston|stonehamurl4.json
|||FALSE||florida|stonehamurl33.json
|||FALSE||washington|stonehamurl37.json
|||FALSE||warren|stonehamurl8.json
|EXCLUDE||TRUE|EXCLUDE|cambridge|stonehamurl5.json
|||FALSE||boston|stonehamurl35.json
|||FALSE||washington|stonehamurl9.json
|||FALSE||washington|wakefieldurl11.json
|||FALSE||cambridge|stonehamurl6.json
|||FALSE||springfield|wakefieldurl12.json
|EXCLUDE||TRUE|EXCLUDE|boston|wakefieldurl15.json
|||FALSE||warren|wakefieldurl1.json
|||FALSE||washington|wakefieldurl10.json
|||FALSE||orleans|wakefieldurl16.json
|||FALSE||huntington|wakefieldurl14.json
|||FALSE||milford|wakefieldurl18.json
|EXCLUDE||TRUE|EXCLUDE|boston|wakefieldurl2.json
|EXCLUDE||TRUE|EXCLUDE|cambridge|wakefieldurl22.json
|||FALSE||kingston|wakefieldurl13.json
|||FALSE||washington|wakefieldurl17.json
|||FALSE||washington|wakefieldurl24.json
|EXCLUDE||FALSE|EXCLUDE|washington|wakefieldurl21.json
|||FALSE||norfolk|wakefieldurl19.json
|||FALSE||boston|wakefieldurl25.json
|||FALSE||reading|wakefieldurl27.json
|||FALSE||washington|wakefieldurl20.json
|EXCLUDE||FALSE|EXCLUDE|holyoke|wakefieldurl23.json
|||FALSE||boston|wakefieldurl26.json
|||FALSE||washington|wakefieldurl30.json
|||FALSE||wakefield|wakefieldurl29.json
|INCLUDE||TRUE|INCLUDE|boston|wakefieldurl32.json
|||FALSE||hudson|wakefieldurl28.json
|INCLUDE||FALSE|INCLUDE|wakefield|wakefieldurl3.json
|||FALSE||warwick|wakefieldurl33.json
|EXCLUDE||TRUE|EXCLUDE|boston|wakefieldurl34.json
|||FALSE||boston|wakefieldurl31.json
|||FALSE||washington|wakefieldurl38.json
|||FALSE||everett|wakefieldurl36.json
|||FALSE||washington|wakefieldurl37.json
|||FALSE||northampton|wakefieldurl4.json
|||FALSE||florida|wakefieldurl41.json
|||FALSE||washington|wakefieldurl39.json
|||FALSE||washington|wakefieldurl40.json
|||FALSE||lee|wakefieldurl42.json
|||FALSE||boston|wakefieldurl43.json
|||FALSE||boston|wakefieldurl47.json
|||FALSE||princeton|wakefieldurl44.json
|||FALSE||warren|wakefieldurl45.json
|||FALSE||newton|wakefieldurl51.json
|||FALSE||washington|wakefieldurl46.json
|||FALSE||washington|wakefieldurl49.json
|||FALSE||boston|wakefieldurl5.json
NC|INCLUDE||TRUE|NA|newton|walthamurl1.json
|||FALSE||florida|wakefieldurl9.json
|NA||FALSE|NA|boston|walthamurl10.json
|||FALSE||florida|wakefieldurl50.json
|||FALSE||douglas|wakefieldurl8.json
|||FALSE||peru|wakefieldurl48.json
|NA||FALSE|NA|gill|walthamurl12.json
|NA||FALSE|NA|lexington|walthamurl13.json
|NA||FALSE|NA|boston|walthamurl17.json
|||FALSE||washington|wakefieldurl7.json
|||FALSE||grafton|wakefieldurl6.json
|NA||FALSE|NA|waltham|walthamurl14.json
|NA||FALSE|NA|boston|walthamurl15.json
|NA||FALSE|NA|weston|walthamurl11.json
|NA||FALSE|NA|worcester|walthamurl16.json
NC|EXCLUDE|Charles river watershed extends beyond Boston metro area|TRUE|NA|boston|walthamurl18.json
|NA||FALSE|NA|boston|walthamurl2.json
|NA||FALSE|NA|boston|walthamurl20.json
"NC|EXCLUDE|All MA, but interesting note that there's a disproportionate number of power substations in lexington and waltham|TRUE|NA|waltham|walthamurl23.json"
NC|EXCLUDE||TRUE|NA|waltham|walthamurl19.json
|NA||FALSE|NA|washington|walthamurl24.json
|NA||FALSE|NA|douglas|walthamurl21.json
NC|EXCLUDE|Good but all MA|TRUE|NA|boston|walthamurl22.json
|NA||FALSE|NA|cambridge|walthamurl27.json
|NA||FALSE|NA|stockbridge|walthamurl28.json
|NA||FALSE|NA|montgomery|walthamurl25.json
|NA||FALSE|NA|boston|walthamurl3.json
|NA||FALSE|NA|washington|walthamurl26.json
|NA||FALSE|NA|weston|walthamurl29.json
NC|EXCLUDE||TRUE|NA|boston|walthamurl30.json
|NA||FALSE|NA|plainfield|walthamurl31.json
NC|EXCLUDE||TRUE|NA|boston|walthamurl33.json
|NA||FALSE|NA|washington|walthamurl32.json
|NA||FALSE|NA|washington|walthamurl38.json
"NC|EXCLUDE|Charles river watershed, dissertation|TRUE|NA|boston|walthamurl35.json"
NC|EXCLUDE|Boston metro area (extends further than we searched)|TRUE|NA|boston|walthamurl34.json
|NA||FALSE|NA|florida|walthamurl39.json
NC|EXCLUDE||TRUE|NA|boston|walthamurl41.json
|NA||FALSE|NA|washington|walthamurl40.json
"NC|EXCLUDE|We've included other community health assessments, but those explicitly included environmental considerations. This doesn't |TRUE|NA|newton|walthamurl37.json"
|NA||FALSE|NA|boston|walthamurl48.json
|NA||FALSE|NA|worcester|walthamurl4.json
NC|INCLUDE||TRUE|NA|boston|walthamurl42.json
|NA||FALSE|NA|washington|walthamurl45.json
"NC|INCLUDE|Study area falls within communities searched. NOTE: I changed the most common town; this is all Boston, not just Waltham. This is the first & only time I've done this.|TRUE|NA|boston|walthamurl49.json"
NC|EXCLUDE||TRUE|NA|boston|walthamurl46.json
|NA||FALSE|NA|cambridge|walthamurl43.json
|NA||FALSE|NA|bourne|walthamurl44.json
|NA||FALSE|NA|washington|walthamurl47.json
|NA||FALSE|NA|orleans|walthamurl52.json
|NA||FALSE|NA|amherst|walthamurl54.json
|NA||FALSE|NA|boston|walthamurl50.json
|NA||FALSE|NA|washington|walthamurl51.json
NC|INCLUDE||TRUE|NA|cambridge|walthamurl5.json
NC|EXCLUDE||TRUE|NA|waltham|walthamurl55.json
NC|EXCLUDE||TRUE|NA|quincy|walthamurl60.json
|NA||FALSE|NA|rockport|walthamurl53.json
|NA||FALSE|NA|florida|walthamurl59.json
|NA||FALSE|NA|cambridge|walthamurl58.json
|NA||FALSE|NA|richmond|walthamurl57.json
NC|EXCLUDE|All MA|TRUE|NA|boston|walthamurl56.json
|NA||FALSE|NA|boston|walthamurl65.json
|NA||FALSE|NA|boston|walthamurl6.json
|NA||FALSE|NA|waltham|walthamurl68.json
|NA||FALSE|NA|bourne|walthamurl63.json
|NA||FALSE|NA|boston|walthamurl61.json
NC|EXCLUDE|Organization is all MA|TRUE|NA|waltham|walthamurl71.json
|NA||FALSE|NA|washington|walthamurl66.json
|NA||FALSE|NA|boston|walthamurl67.json
|NA||FALSE|NA|west tisbury|walthamurl77.json
NC|INCLUDE||TRUE|NA|boston|walthamurl73.json
|NA||FALSE|NA|woburn|walthamurl7.json
|NA||FALSE|NA|cambridge|walthamurl62.json
|NA||FALSE|NA|washington|walthamurl72.json
|NA||FALSE|NA|boston|walthamurl70.json
|NA||FALSE|NA|cambridge|walthamurl69.json
|NA||FALSE|NA|boston|walthamurl74.json
|NA||FALSE|NA|cambridge|walthamurl78.json
|NA||FALSE|NA|washington|walthamurl79.json
|NA||FALSE|NA|boston|walthamurl75.json
NC|EXCLUDE||TRUE|NA|boston|walthamurl76.json
NC|EXCLUDE||TRUE|NA|boston|walthamurl80.json
|||FALSE||haverhill|watertownurl12.json
|||FALSE||tolland|watertownurl10.json
|INCLUDE||TRUE|INCLUDE|watertown|watertownurl1.json
|||FALSE||cheshire|watertownurl11.json
|||FALSE||weston|watertownurl13.json
|NA||FALSE|NA|washington|walthamurl9.json
|NA||FALSE|NA|waltham|walthamurl81.json
|||FALSE||washington|watertownurl15.json
|NA||FALSE|NA|washington|walthamurl8.json
|EXCLUDE||FALSE|EXCLUDE|boston|watertownurl16.json
|||FALSE||florida|watertownurl20.json
|||FALSE||watertown|watertownurl14.json
|INCLUDE||FALSE|INCLUDE|cambridge|watertownurl18.json
|||FALSE||boston|watertownurl2.json
|||FALSE||salisbury|watertownurl19.json
|||FALSE||hudson|watertownurl17.json
|||FALSE||florida|watertownurl22.json
|||FALSE||washington|watertownurl25.json
|||FALSE||lincoln|watertownurl21.json
|||FALSE||hudson|watertownurl24.json
|||FALSE||watertown|watertownurl26.json
|||FALSE||norfolk|watertownurl23.json
|||FALSE||lincoln|watertownurl28.json
|||FALSE||washington|watertownurl27.json
|EXCLUDE||TRUE|EXCLUDE|boston|watertownurl31.json
|||FALSE||otis|watertownurl32.json
|||FALSE||washington|watertownurl30.json
|||FALSE||washington|watertownurl33.json
|||FALSE||harvard|watertownurl6.json
|EXCLUDE||TRUE|EXCLUDE|boston|watertownurl4.json
|EXCLUDE||TRUE|EXCLUDE|boston|watertownurl29.json
|INCLUDE||TRUE|INCLUDE|watertown|watertownurl3.json
|||FALSE||rochester|watertownurl5.json
|||FALSE||newton|watertownurl7.json
|||FALSE||washington|watertownurl38.json
|||FALSE||washington|watertownurl35.json
|||FALSE||hudson|watertownurl34.json
|||FALSE||deerfield|wilmingtonurl10.json
|||FALSE||boston|watertownurl8.json
|||FALSE||wendell|wilmingtonurl12.json
|EXCLUDE||FALSE|EXCLUDE|boston|wilmingtonurl18.json
|||FALSE||wales|wilmingtonurl13.json
|||FALSE||boston|wilmingtonurl1.json
|||FALSE||florida|wilmingtonurl11.json
|||FALSE||florida|wilmingtonurl17.json
|||FALSE||washington|wilmingtonurl14.json
|||FALSE||florida|wilmingtonurl16.json
|||FALSE||None|wilmingtonurl2.json
|||FALSE||None|wilmingtonurl28.json
|||FALSE||washington|wilmingtonurl19.json
|||FALSE||washington|wilmingtonurl15.json
|||FALSE||hamilton|wilmingtonurl24.json
|||FALSE||washington|wilmingtonurl25.json
|||FALSE||wilmington|wilmingtonurl27.json
|||FALSE||washington|wilmingtonurl21.json
|||FALSE||florida|wilmingtonurl20.json
|||FALSE||washington|wilmingtonurl23.json
|||FALSE||washington|wilmingtonurl22.json
|||FALSE||wilmington|wilmingtonurl26.json
|EXCLUDE||TRUE|EXCLUDE|boston|wilmingtonurl33.json
|||FALSE||washington|wilmingtonurl31.json
|||FALSE||dartmouth|wilmingtonurl3.json
|EXCLUDE||TRUE|EXCLUDE|wilmington|wilmingtonurl32.json
|||FALSE||washington|wilmingtonurl30.json
|EXCLUDE||FALSE|EXCLUDE|florida|wilmingtonurl34.json
|||FALSE||sterling|wilmingtonurl36.json
|||FALSE||cambridge|wilmingtonurl38.json
|||FALSE||washington|wilmingtonurl29.json
|||FALSE||florida|wilmingtonurl39.json
|||FALSE||norfolk|wilmingtonurl4.json
|||FALSE||wilmington|wilmingtonurl37.json
|||FALSE||ipswich|wilmingtonurl35.json
|||FALSE||washington|wilmingtonurl40.json
|||FALSE||burlington|wilmingtonurl44.json
|||FALSE||washington|wilmingtonurl45.json
|||FALSE||florida|wilmingtonurl43.json
|||FALSE||boston|wilmingtonurl41.json
|||FALSE||florida|wilmingtonurl5.json
|||FALSE||wilmington|wilmingtonurl46.json
|||FALSE||wales|wilmingtonurl42.json
|||FALSE||chester|wilmingtonurl6.json
|||FALSE||wilmington|wilmingtonurl9.json
|||FALSE||florida|wilmingtonurl7.json
|EXCLUDE||FALSE|EXCLUDE|boston|winchesterurl1.json
|||FALSE||clinton|wilmingtonurl8.json
|||FALSE||washington|winchesterurl12.json
|||FALSE||boston|winchesterurl17.json
|||FALSE||washington|winchesterurl18.json
|||FALSE||winchester|winchesterurl14.json
|||FALSE||winchester|winchesterurl16.json
|||FALSE||concord|winchesterurl10.json
|||FALSE||boston|winchesterurl11.json
|||FALSE||brookfield|winchesterurl15.json
|||FALSE||boston|winchesterurl19.json
|||FALSE||franklin|winchesterurl20.json
|||FALSE||washington|winchesterurl13.json
|||FALSE||washington|winchesterurl22.json
|||FALSE||needham|winchesterurl21.json
|||FALSE||washington|winchesterurl23.json
|||FALSE||russell|winchesterurl24.json
|||FALSE||arlington|winchesterurl27.json
|EXCLUDE||TRUE|EXCLUDE|cambridge|winchesterurl2.json
|||FALSE||None|winchesterurl35.json
|||FALSE||washington|winchesterurl28.json
|EXCLUDE||FALSE|EXCLUDE|winchester|winchesterurl34.json
|||FALSE||avon|winchesterurl30.json
|||FALSE||harvard|winchesterurl25.json
|||FALSE||boston|winchesterurl33.json
|||FALSE||douglas|winchesterurl39.json
|EXCLUDE||TRUE|EXCLUDE|cambridge|winchesterurl3.json
|||FALSE||washington|winchesterurl29.json
|||FALSE||cambridge|winchesterurl36.json
|||FALSE||norwood|winchesterurl37.json
|EXCLUDE||FALSE|EXCLUDE|worcester|winchesterurl4.json
|||FALSE||sunderland|winchesterurl41.json
|||FALSE||lynn|winchesterurl40.json
|||FALSE||gill|winchesterurl31.json
|||FALSE||russell|winchesterurl38.json
|||FALSE||reading|winchesterurl43.json
|||FALSE||springfield|winchesterurl5.json
|||FALSE||washington|winthropurl10.json
|||FALSE||cambridge|winchesterurl7.json
|||FALSE||salem|winchesterurl42.json
|||FALSE||cheshire|winchesterurl6.json
|EXCLUDE||FALSE|EXCLUDE|washington|winthropurl11.json
|EXCLUDE||TRUE|EXCLUDE|winthrop|winthropurl14.json
|INCLUDE||TRUE|INCLUDE|boston|winthropurl13.json
|||FALSE||adams|winthropurl15.json
|||FALSE||marblehead|winthropurl1.json
|||FALSE||berlin|winchesterurl9.json
|||FALSE||cambridge|winchesterurl8.json
|||FALSE||saugus|winthropurl12.json
|EXCLUDE||TRUE|EXCLUDE|boston|winthropurl17.json
|||FALSE||washington|winthropurl16.json
|||FALSE||holland|winthropurl18.json
|||FALSE||washington|winthropurl21.json
|EXCLUDE||TRUE|EXCLUDE|boston|winthropurl22.json
|INCLUDE||FALSE|INCLUDE|lynn|winthropurl2.json
|EXCLUDE||TRUE|EXCLUDE|boston|winthropurl23.json
|||FALSE||groton|winthropurl19.json
|||FALSE||winthrop|winthropurl26.json
|||FALSE||montague|winthropurl20.json
|||FALSE||salem|winthropurl24.json
|||FALSE||burlington|winthropurl25.json
|||FALSE||washington|winthropurl3.json
|||FALSE||washington|winthropurl30.json
|||FALSE||florida|winthropurl28.json
|INCLUDE||FALSE|INCLUDE|lynn|winthropurl6.json
|||FALSE||southampton|winthropurl33.json
|EXCLUDE||TRUE|EXCLUDE|winthrop|winthropurl5.json
|EXCLUDE||FALSE|EXCLUDE|washington|winthropurl34.json
|||FALSE||washington|winthropurl7.json
|||FALSE||florida|winthropurl4.json
|||FALSE||reading|winthropurl32.json
|EXCLUDE||FALSE|EXCLUDE|hamilton|winthropurl8.json
|||FALSE||lancaster|winthropurl31.json
|||FALSE||cambridge|woburnurl10.json
|||FALSE||east longmeadow|winthropurl9.json
|EXCLUDE||FALSE|EXCLUDE|woburn|woburnurl1.json
|||FALSE||washington|woburnurl12.json
|||FALSE||woburn|woburnurl11.json
|EXCLUDE||FALSE|EXCLUDE|orange|woburnurl13.json
|||FALSE||windsor|woburnurl19.json
|||FALSE||orleans|woburnurl14.json
|||FALSE||bourne|woburnurl15.json
|||FALSE||boston|woburnurl25.json
|||FALSE||washington|woburnurl21.json
|||FALSE||marlborough|woburnurl2.json
|||FALSE||boston|woburnurl17.json
|||FALSE||florida|woburnurl18.json
|||FALSE||wales|woburnurl22.json
|||FALSE||washington|woburnurl24.json
|||FALSE||lee|woburnurl20.json
|||FALSE||oxford|woburnurl32.json
|||FALSE||washington|woburnurl28.json
|||FALSE||holland|woburnurl29.json
|||FALSE||ayer|woburnurl27.json
|||FALSE||orange|woburnurl26.json
|||FALSE||winchendon|woburnurl3.json
|||FALSE||hudson|woburnurl31.json
|||FALSE||florida|woburnurl30.json
|||FALSE||washington|woburnurl7.json
|EXCLUDE||TRUE|EXCLUDE|winchester|woburnurl8.json
|INCLUDE||FALSE|INCLUDE|boston|woburnurl4.json
|EXCLUDE||TRUE|EXCLUDE|woburn|woburnurl5.json
|INCLUDE||TRUE|INCLUDE|cambridge|woburnurl6.json
|||FALSE||washington|woburnurl9.json